City_ID,City,Country,Date,Lat,Lng,Max Temp,Humidity,Cloudiness,Wind Speed
0,Bethel,US,2021-10-08 03:01:23,41.3712,-73.414,62.65,92,23,0.87
1,Nikolskoye,RU,2021-10-08 03:01:23,59.7035,30.7861,50.88,67,100,6.42
2,Taltal,CL,2021-10-08 03:01:23,-25.4,-70.4833,57.18,82,100,4.29
3,Guerrero,MX,2021-10-08 03:01:24,17.6667,-100.0,67.03,92,85,2.71
4,Georgetown,MY,2021-10-08 03:01:24,5.4112,100.3354,84.13,84,20,1.01
5,Worland,US,2021-10-08 03:01:25,44.0169,-107.9554,63.88,45,90,3.0
6,Rafsanjan,IR,2021-10-08 03:01:25,30.4067,55.9939,69.15,22,0,6.31
7,Albany,US,2021-10-08 03:00:29,42.6001,-73.9662,59.54,93,34,1.41
8,Pauini,BR,2021-10-08 03:01:26,-7.7136,-66.9764,79.61,71,85,1.54
9,Ushuaia,AR,2021-10-08 02:57:57,-54.8,-68.3,46.06,46,75,17.27
10,Hermanus,ZA,2021-10-08 03:01:26,-34.4187,19.2345,55.9,76,0,8.1
11,Cape Town,ZA,2021-10-08 02:58:59,-33.9258,18.4232,59.09,62,75,16.11
12,Mandurah,AU,2021-10-08 03:01:27,-32.55,115.7,67.12,65,100,10.56
13,Faanui,PF,2021-10-08 03:01:27,-16.4833,-151.75,79.03,71,9,6.53
14,Saint George,US,2021-10-08 03:01:28,37.1041,-113.5841,73.94,44,1,5.01
15,Constitucion,CL,2021-10-08 03:01:28,-35.3333,-72.4167,49.05,91,0,8.63
16,Luwuk,ID,2021-10-08 03:01:28,-0.9516,122.7875,87.49,62,31,5.91
17,Matara,LK,2021-10-08 03:01:29,5.9485,80.5353,81.82,80,100,9.42
18,Shyroke,UA,2021-10-08 03:01:29,47.6917,33.2571,38.44,45,7,11.68
19,Arraial Do Cabo,BR,2021-10-08 03:01:29,-22.9661,-42.0278,69.04,74,100,17.65
20,Prado,BR,2021-10-08 03:01:29,-17.3411,-39.2208,73.36,90,93,6.33
21,Dikson,RU,2021-10-08 03:01:30,73.5069,80.5464,30.72,87,100,13.13
22,Vaini,TO,2021-10-08 03:01:30,-21.2,-175.2,75.9,82,6,8.21
23,Yellowknife,CA,2021-10-08 03:01:08,62.456,-114.3525,36.41,99,100,4.0
24,Cabo San Lucas,MX,2021-10-08 03:01:31,22.8909,-109.9124,85.6,71,0,5.41
25,Jamestown,US,2021-10-08 02:59:52,42.097,-79.2353,66.85,92,99,3.0
26,Puerto Ayora,EC,2021-10-08 03:01:32,-0.7393,-90.3518,68.56,96,95,4.0
27,Rio Grande,BR,2021-10-08 03:01:32,-32.035,-52.0986,55.11,70,57,6.44
28,Belaya Gora,RU,2021-10-08 03:01:33,68.5333,146.4167,27.39,54,39,8.41
29,Los Llanos De Aridane,ES,2021-10-08 03:01:33,28.6585,-17.9182,69.55,74,75,10.36
30,Saskylakh,RU,2021-10-08 03:01:34,71.9167,114.0833,6.87,92,86,6.04
31,Punta Arenas,CL,2021-10-08 03:01:34,-53.15,-70.9167,44.11,65,99,16.49
32,Ilulissat,GL,2021-10-08 03:01:35,69.2167,-51.1,24.82,50,6,2.3
33,Torbay,CA,2021-10-08 03:01:35,47.6666,-52.7314,50.88,83,100,1.01
34,Atuona,PF,2021-10-08 03:01:36,-9.8,-139.0333,77.83,78,24,15.93
35,Saint-Philippe,RE,2021-10-08 03:01:37,-21.3585,55.7679,67.59,79,23,9.37
36,Katherine,AU,2021-10-08 03:01:37,-14.4667,132.2667,95.32,36,40,10.36
37,Tuktoyaktuk,CA,2021-10-08 03:01:37,69.4541,-133.0374,30.58,74,18,4.76
38,Airai,TL,2021-10-08 03:01:38,-8.9266,125.4092,83.07,26,44,5.91
39,Mecca,SA,2021-10-08 03:01:27,21.4267,39.8261,83.52,36,2,2.71
40,Victoria,HK,2021-10-08 02:57:35,22.2855,114.1577,78.33,95,100,1.01
41,Winnemucca,US,2021-10-08 03:01:39,40.973,-117.7357,53.11,82,75,5.75
42,Khatanga,RU,2021-10-08 03:01:40,71.9667,102.5,21.11,95,100,6.04
43,Yulara,AU,2021-10-08 03:01:40,-25.2406,130.9889,89.55,18,0,8.61
44,Hithadhoo,MV,2021-10-08 03:01:41,-0.6,73.0833,83.17,66,95,9.08
45,Carnarvon,AU,2021-10-08 03:01:41,-24.8667,113.6333,70.18,52,0,23.04
46,Busselton,AU,2021-10-08 03:01:42,-33.65,115.3333,62.04,60,100,10.22
47,Dehui,CN,2021-10-08 03:01:43,44.5333,125.7,58.37,45,96,4.5
48,Avarua,CK,2021-10-08 03:01:43,-21.2078,-159.775,77.05,69,20,5.75
49,Vestmannaeyjar,IS,2021-10-08 03:01:44,63.4427,-20.2734,49.28,81,92,30.56
50,Port Alfred,ZA,2021-10-08 03:01:44,-33.5906,26.891,67.89,67,100,10.4
51,Thompson,CA,2021-10-08 03:01:45,55.7435,-97.8558,47.89,64,12,6.82
52,Iskateley,RU,2021-10-08 03:01:45,67.6803,53.1512,46.99,88,100,28.07
53,Te Anau,NZ,2021-10-08 03:01:45,-45.4167,167.7167,49.33,91,100,2.13
54,New Norfolk,AU,2021-10-08 03:01:46,-42.7826,147.0587,67.71,65,93,5.99
55,Coquimbo,CL,2021-10-08 03:00:26,-29.9533,-71.3436,53.98,82,100,7.78
56,Bredasdorp,ZA,2021-10-08 03:01:46,-34.5322,20.0403,53.33,79,0,3.98
57,Kavieng,PG,2021-10-08 03:01:47,-2.5744,150.7967,84.22,68,81,3.13
58,Rikitea,PF,2021-10-08 03:01:47,-23.1203,-134.9692,73.83,74,25,9.75
59,Hualmay,PE,2021-10-08 03:01:47,-11.0964,-77.6139,62.53,90,98,13.09
60,Atar,MR,2021-10-08 03:01:48,20.5169,-13.0499,88.45,10,44,7.45
61,Vao,NC,2021-10-08 03:01:49,-22.6667,167.4833,69.71,64,69,13.85
62,Mar Del Plata,AR,2021-10-08 03:00:30,-38.0023,-57.5575,50.88,81,2,7.0
63,Riohacha,CO,2021-10-08 02:57:48,11.5444,-72.9072,82.42,72,2,13.78
64,Qom,IR,2021-10-08 03:00:16,34.6401,50.8764,54.52,57,0,6.96
65,Sitka,US,2021-10-08 03:01:49,57.0531,-135.33,46.29,87,90,9.22
66,Aljezur,PT,2021-10-08 03:01:49,37.3191,-8.8033,68.23,58,12,5.3
67,East London,ZA,2021-10-08 03:01:50,-33.0153,27.9116,66.09,88,100,10.71
68,Mehriz,IR,2021-10-08 03:01:50,31.5917,54.4318,63.73,34,0,4.54
69,Maraa,BR,2021-10-08 03:01:51,-1.8333,-65.3667,73.54,98,100,1.88
70,Lerwick,GB,2021-10-08 03:01:51,60.1545,-1.1494,53.6,93,91,11.18
71,Narsaq,GL,2021-10-08 03:01:51,60.9167,-46.05,43.02,50,90,7.54
72,Peniche,PT,2021-10-08 03:01:52,39.3558,-9.3811,70.61,92,11,11.79
73,Padang,ID,2021-10-08 03:01:45,-0.9492,100.3543,82.45,64,77,2.48
74,Jeremie,HT,2021-10-08 03:01:52,18.65,-74.1167,80.53,81,1,4.07
75,Balakhta,RU,2021-10-08 03:01:53,55.38,91.6,35.02,98,100,11.03
76,Jasidih,IN,2021-10-08 03:01:54,24.5167,86.65,84.04,68,55,5.41
77,Mataura,NZ,2021-10-08 03:01:54,-46.1927,168.8643,54.48,64,100,5.41
78,Grand Gaube,MU,2021-10-08 03:01:54,-20.0064,57.6608,68.38,80,80,4.0
79,Ponta Do Sol,PT,2021-10-08 03:01:55,32.6667,-17.1,70.43,77,87,2.33
80,Pangnirtung,CA,2021-10-08 03:01:55,66.1451,-65.7125,33.76,84,40,1.07
81,Leningradskiy,RU,2021-10-08 03:01:56,69.3833,178.4167,26.19,97,100,1.83
82,Barrow,US,2021-10-08 03:01:56,71.2906,-156.7887,32.02,80,90,9.22
83,Hudson Bay,CA,2021-10-08 03:01:56,52.85,-102.3842,47.1,38,77,2.89
84,Tuatapere,NZ,2021-10-08 03:01:57,-46.1333,167.6833,54.82,86,98,0.49
85,Port Hardy,CA,2021-10-08 03:01:57,50.6996,-127.4199,47.16,83,100,13.96
86,Klaksvik,FO,2021-10-08 03:01:57,62.2266,-6.589,52.72,83,99,20.13
87,Iqaluit,CA,2021-10-08 03:01:17,63.7506,-68.5145,34.7,81,13,8.99
88,Tigil,RU,2021-10-08 03:01:57,57.8,158.6667,36.09,79,97,15.68
89,Luderitz,NA,2021-10-08 03:01:58,-26.6481,15.1594,55.54,76,0,6.64
90,Hobart,AU,2021-10-08 03:00:19,-42.8794,147.3294,68.25,49,40,4.0
91,Pisco,PE,2021-10-08 02:57:42,-13.7,-76.2167,63.01,88,29,18.41
92,Srednekolymsk,RU,2021-10-08 03:01:58,67.45,153.6833,25.41,65,24,3.74
93,General Roca,AR,2021-10-08 03:01:59,-39.0333,-67.5833,57.02,34,0,8.63
94,Parrita,CR,2021-10-08 03:01:59,9.5201,-84.3225,80.51,91,100,5.37
95,Artvin,TR,2021-10-08 03:02:00,41.1667,41.8333,47.48,75,3,3.38
96,Koumac,NC,2021-10-08 03:02:00,-20.5667,164.2833,75.16,63,15,10.0
97,Kaeo,NZ,2021-10-08 03:02:00,-35.1,173.7833,65.21,56,1,8.99
98,Isiro,CD,2021-10-08 03:02:01,2.7739,27.616,65.5,98,98,0.89
99,Dudinka,RU,2021-10-08 03:02:01,69.4058,86.1778,34.99,99,100,9.35
100,Tezu,IN,2021-10-08 03:02:02,27.9167,96.1667,85.57,54,4,3.13
101,Caraquet,CA,2021-10-08 03:02:03,47.7941,-64.9386,56.34,78,5,12.35
102,Toora-Khem,RU,2021-10-08 03:02:03,52.4675,96.11,32.97,69,100,4.21
103,Santa Luzia,BR,2021-10-08 03:02:04,-19.7697,-43.8514,72.5,80,71,5.32
104,Hamilton,US,2021-10-08 03:02:04,39.1834,-84.5333,70.99,92,90,3.44
105,Mahebourg,MU,2021-10-08 03:02:05,-20.4081,57.7,68.25,76,44,6.87
106,Castro,BR,2021-10-08 03:01:54,-24.7911,-50.0119,54.18,98,100,8.1
107,Merauke,ID,2021-10-08 03:02:05,-8.4667,140.3333,83.44,76,91,9.26
108,Loanda,AO,2021-10-08 02:59:30,-8.8368,13.2343,73.4,83,75,5.75
109,Qaanaaq,GL,2021-10-08 03:02:06,77.484,-69.3632,23.58,65,100,7.25
110,Ilinskiy,RU,2021-10-08 03:02:06,55.619,38.1182,30.78,100,20,0.0
111,Namibe,AO,2021-10-08 03:02:07,-15.1961,12.1522,65.41,70,56,7.31
112,Sao Filipe,CV,2021-10-08 03:02:07,14.8961,-24.4956,79.23,78,21,5.21
113,Khani,GE,2021-10-08 03:02:08,41.9563,42.9566,49.57,72,2,5.88
114,Vasilsursk,RU,2021-10-08 03:02:08,56.1275,46.0072,33.67,67,2,3.91
115,Bluff,NZ,2021-10-08 03:02:09,-46.6,168.3333,54.81,81,100,14.79
116,Bardiyah,LY,2021-10-08 03:02:09,31.7561,25.0865,67.5,71,0,6.15
117,Nizwa,OM,2021-10-08 03:02:09,22.9333,57.5333,80.69,53,0,0.63
118,Kosh-Agach,RU,2021-10-08 03:02:10,50.0,88.6667,20.26,68,99,0.94
119,Kirkwall,GB,2021-10-08 03:02:10,58.9848,-2.9587,55.96,92,75,0.0
120,Sorland,NO,2021-10-08 03:02:11,67.667,12.6934,43.88,70,100,23.67
121,Saldanha,ZA,2021-10-08 03:02:11,-33.0117,17.9442,58.51,83,46,13.18
122,Cayenne,GF,2021-10-08 03:02:12,4.9333,-52.3333,82.09,81,20,1.01
123,Walvis Bay,NA,2021-10-08 03:02:12,-22.9575,14.5053,52.09,76,0,5.84
124,Camacha,PT,2021-10-08 03:02:12,33.0833,-16.3333,67.42,73,40,8.05
125,Fairbanks,US,2021-10-08 03:02:13,64.8378,-147.7164,38.1,95,90,4.61
126,Ribeira Grande,PT,2021-10-08 03:02:14,38.5167,-28.7,69.46,72,9,7.52
127,Chuy,UY,2021-10-08 03:02:14,-33.6971,-53.4616,46.92,80,4,5.28
128,Provideniya,RU,2021-10-08 03:02:15,64.3833,-173.3,37.51,81,75,17.9
129,Norman Wells,CA,2021-10-08 03:02:15,65.282,-126.8329,26.33,97,98,2.55
130,Bainbridge,US,2021-10-08 03:01:24,47.6262,-122.5212,51.48,80,61,1.99
131,Grindavik,IS,2021-10-08 03:02:15,63.8424,-22.4338,48.67,93,90,19.57
132,Flinders,AU,2021-10-08 03:02:16,-34.5833,150.8552,73.8,63,67,13.29
133,Sakakah,SA,2021-10-08 03:02:17,29.9697,40.2064,70.2,29,0,10.0
134,Melioratorov,RU,2021-10-08 03:02:17,57.2107,65.6077,30.58,93,0,8.95
135,Ahipara,NZ,2021-10-08 03:02:18,-35.1667,173.1667,62.19,72,0,9.82
136,Ancud,CL,2021-10-08 03:02:18,-41.8697,-73.8203,47.43,90,0,3.58
137,Maputo,MZ,2021-10-08 03:00:08,-25.9653,32.5892,67.23,82,100,5.99
138,Along,IN,2021-10-08 03:02:19,28.1667,94.7667,80.78,71,45,0.47
139,Marsh Harbour,BS,2021-10-08 03:02:19,26.5412,-77.0636,82.4,69,68,10.45
140,Sigiriya,LK,2021-10-08 03:02:21,7.9518,80.7426,82.18,65,93,12.33
141,Mehamn,NO,2021-10-08 03:02:21,71.0357,27.8492,39.15,70,40,19.57
142,Koplik,AL,2021-10-08 03:02:22,42.2136,19.4364,60.33,79,100,4.9
143,Bathsheba,BB,2021-10-08 03:02:22,13.2167,-59.5167,81.64,81,100,21.09
144,Nkayi,CG,2021-10-08 03:02:22,-4.1841,13.2884,75.6,85,96,2.46
145,Basco,PH,2021-10-08 03:02:23,20.4487,121.9702,83.39,79,99,13.85
146,Soderhamn,SE,2021-10-08 03:02:24,61.3037,17.0592,49.03,91,100,7.0
147,Belmonte,BR,2021-10-08 03:02:24,-15.8631,-38.8828,73.47,89,5,7.18
148,Trelleborg,SE,2021-10-08 03:02:24,55.3751,13.1569,50.95,85,96,6.42
149,Yairipok,IN,2021-10-08 03:02:25,24.6667,94.0667,78.78,73,18,1.59
150,Tadine,NC,2021-10-08 03:02:25,-21.55,167.8833,74.34,59,36,13.4
151,Mount Gambier,AU,2021-10-08 03:02:25,-37.8333,140.7667,63.7,45,100,13.06
152,Santa Rosa,PH,2021-10-08 03:02:27,14.3122,121.1114,88.09,68,93,2.06
153,Khandyga,RU,2021-10-08 03:02:39,62.6667,135.6,32.94,79,99,8.55
154,Codrington,AU,2021-10-08 03:02:40,-38.2667,141.9667,62.82,54,100,17.22
155,Burnie,AU,2021-10-08 03:02:40,-41.0667,145.9167,54.95,85,99,14.79
156,Upernavik,GL,2021-10-08 03:02:45,72.7868,-56.1549,24.91,47,34,4.14
157,Tasiilaq,GL,2021-10-08 03:02:53,65.6145,-37.6368,32.16,52,17,8.68
158,Ellisras,ZA,2021-10-08 03:02:54,-23.6649,27.7443,64.78,83,100,11.65
159,Bacolod,PH,2021-10-08 03:00:07,10.6667,122.95,77.59,88,100,6.67
160,Paamiut,GL,2021-10-08 03:02:57,61.994,-49.6678,35.49,65,0,7.29
161,Kodiak,US,2021-10-08 03:02:58,57.79,-152.4072,47.71,87,1,4.61
162,Ocampo,MX,2021-10-08 03:02:58,21.65,-101.5,55.63,82,8,8.21
163,Mount Isa,AU,2021-10-08 03:02:59,-20.7333,139.5,100.17,13,0,6.91
164,Lavrentiya,RU,2021-10-08 03:02:59,65.5833,-171.0,35.15,98,100,10.45
165,Haines Junction,CA,2021-10-08 03:03:00,60.7522,-137.5108,32.86,91,100,1.74
166,Alice Springs,AU,2021-10-08 03:02:19,-23.7,133.8833,87.35,30,0,5.75
167,Ofunato,JP,2021-10-08 03:03:07,39.0717,141.7167,69.33,86,100,2.84
168,Taquari,BR,2021-10-08 03:03:07,-29.7997,-51.8644,58.01,88,1,3.15
169,Havelock,US,2021-10-08 03:03:08,34.8791,-76.9013,73.38,95,51,4.0
170,Zhigansk,RU,2021-10-08 03:03:08,66.7697,123.3711,25.07,77,60,12.77
171,Pakhtakoron,TJ,2021-10-08 03:03:08,40.1571,68.7466,55.38,39,100,2.1
172,Gwadar,PK,2021-10-08 03:03:09,25.1216,62.3254,81.99,67,0,8.32
173,Windhoek,NA,2021-10-08 03:03:09,-22.5594,17.0832,58.1,23,0,6.02
174,Olafsvik,IS,2021-10-08 03:03:13,64.8945,-23.7142,43.66,90,100,30.2
175,Kaniama,CD,2021-10-08 03:03:15,-7.5667,24.1833,67.89,84,11,1.9
176,Owando,CG,2021-10-08 03:03:15,-0.4819,15.8999,71.13,99,80,2.51
177,Berlevag,NO,2021-10-08 03:03:16,70.8578,29.0864,37.4,69,96,27.04
178,Lorengau,PG,2021-10-08 03:01:18,-2.0226,147.2712,85.73,65,66,11.5
179,Tautira,PF,2021-10-08 03:03:17,-17.7333,-149.15,80.62,71,23,1.79
180,Takoradi,GH,2021-10-08 03:03:17,4.8845,-1.7554,76.14,91,53,1.97
181,Ishurdi,BD,2021-10-08 03:03:17,24.1333,89.0833,84.83,75,94,3.27
182,Bachaquero,VE,2021-10-08 03:03:18,9.9694,-71.1494,80.87,79,11,2.68
183,La Ronge,CA,2021-10-08 03:03:18,55.1001,-105.2842,44.28,49,10,5.75
184,Umm Kaddadah,SD,2021-10-08 03:03:18,13.6017,26.6876,82.29,18,76,13.67
185,Vardo,NO,2021-10-08 03:03:26,70.3705,31.1107,37.6,70,64,30.38
186,Krasnoselkup,RU,2021-10-08 03:03:28,65.7,82.4667,41.25,95,100,13.91
187,Sept-Iles,CA,2021-10-08 03:03:28,50.2001,-66.3821,48.06,92,100,9.19
188,Wilmington,US,2021-10-08 02:59:54,34.2257,-77.9447,71.85,85,9,5.97
189,Kazachinskoye,RU,2021-10-08 03:03:29,57.6953,93.2761,36.12,98,100,7.85
190,Hilo,US,2021-10-08 03:03:29,19.7297,-155.09,80.33,73,90,10.36
191,Coihaique,CL,2021-10-08 03:03:30,-45.5752,-72.0662,44.55,76,0,2.3
192,Sydney,AU,2021-10-08 03:01:24,-33.8679,151.2073,74.8,61,20,1.99
193,Zhangye,CN,2021-10-08 03:03:30,38.9342,100.4517,57.99,39,12,3.15
194,San Patricio,US,2021-10-08 03:03:32,28.017,-97.5169,79.83,57,0,7.45
195,Kapaa,US,2021-10-08 03:03:41,22.0752,-159.319,82.38,74,40,3.0
196,Butaritari,KI,2021-10-08 03:03:42,3.0707,172.7902,82.74,67,15,12.86
197,Maunabo,PR,2021-10-08 03:03:47,18.0072,-65.8993,82.71,92,76,10.89
198,Jewar,IN,2021-10-08 03:03:51,28.1333,77.55,77.47,43,1,5.17
199,Krasnyy Yar,RU,2021-10-08 03:03:51,46.5331,48.3456,33.73,41,0,11.27
200,Salalah,OM,2021-10-08 03:03:53,17.0151,54.0924,78.89,89,20,3.44
201,Mpika,ZM,2021-10-08 03:04:13,-11.8343,31.4529,57.43,38,88,5.1
202,Beloha,MG,2021-10-08 03:04:15,-25.1667,45.05,60.31,60,1,8.28
203,Kloulklubed,PW,2021-10-08 03:04:15,7.0419,134.2556,77.5,81,100,23.09
204,Saint-Georges,GD,2021-10-08 03:04:15,12.0564,-61.7485,81.39,80,15,12.33
205,Pekan,MY,2021-10-08 03:04:19,3.4836,103.3996,86.02,64,87,6.82
206,Geraldton,AU,2021-10-08 03:04:20,-28.7667,114.6,70.21,56,75,18.41
207,Hit,IQ,2021-10-08 03:04:21,33.6416,42.8251,69.21,18,0,8.25
208,Isangel,VU,2021-10-08 03:04:23,-19.55,169.2667,76.73,62,1,11.54
209,Moranbah,AU,2021-10-08 03:04:23,-22.0016,148.0466,89.73,28,0,6.85
210,Marsa Matruh,EG,2021-10-08 03:04:25,31.3525,27.2453,66.65,73,0,2.77
211,Tyulyachi,RU,2021-10-08 03:04:25,55.8913,50.2399,28.6,76,18,5.01
212,Talnakh,RU,2021-10-08 03:04:26,69.4865,88.3972,33.03,100,100,5.32
213,Thinadhoo,MV,2021-10-08 03:04:27,0.5333,72.9333,83.93,66,99,10.56
214,Gay,RU,2021-10-08 03:04:28,51.4666,58.4552,36.97,76,8,4.83
215,Caiaponia,BR,2021-10-08 03:04:28,-16.9567,-51.8103,74.41,70,100,7.25
216,Arzgir,RU,2021-10-08 03:04:28,45.3728,44.2206,41.18,69,10,15.84
217,Hasaki,JP,2021-10-08 03:04:28,35.7333,140.8333,82.29,77,60,15.37
218,Wakkanai,JP,2021-10-08 03:04:29,45.4094,141.6739,60.44,55,2,18.16
219,Union De San Antonio,MX,2021-10-08 03:04:29,21.1,-101.9667,64.31,72,19,5.3
220,Riyadh,SA,2021-10-08 03:00:33,24.6877,46.7219,78.75,39,0,3.69
221,Sibolga,ID,2021-10-08 03:04:30,1.7427,98.7792,83.21,69,100,2.04
222,Kieta,PG,2021-10-08 03:04:35,-6.2167,155.6333,83.98,77,100,5.75
223,Zasechnoye,RU,2021-10-08 03:04:36,53.1092,45.0764,34.68,39,2,0.78
224,Pavino,RU,2021-10-08 03:04:36,59.1139,46.1414,35.37,87,3,7.63
225,Rantepao,ID,2021-10-08 03:04:36,-2.9701,119.8978,81.75,57,67,4.25
226,Koutiala,ML,2021-10-08 03:04:37,12.3917,-5.4642,79.27,62,76,5.88
227,Rovnoye,RU,2021-10-08 03:04:37,50.7765,46.0509,39.78,55,0,4.94
228,Maneadero,MX,2021-10-08 03:04:38,31.7167,-116.5667,66.09,85,100,5.3
229,Nyurba,RU,2021-10-08 03:04:38,63.2842,118.3319,31.51,66,81,3.96
230,Naze,JP,2021-10-08 03:04:38,28.3667,129.4833,78.58,67,81,16.84
231,Kindu,CD,2021-10-08 03:04:39,-2.95,25.95,69.06,91,8,2.57
232,Komsomolskiy,UZ,2021-10-08 03:04:39,40.4272,71.7189,52.95,82,30,2.3
233,Waingapu,ID,2021-10-08 03:04:39,-9.6567,120.2641,87.3,54,89,10.0
234,Ocumare Del Tuy,VE,2021-10-08 03:04:40,10.1165,-66.7761,75.33,98,7,2.77
235,Sur,OM,2021-10-08 03:04:40,22.5667,59.5289,83.52,52,1,3.15
236,Xichang,CN,2021-10-08 03:04:40,27.8964,102.2634,69.93,82,81,1.77
237,Cumra,TR,2021-10-08 03:04:41,37.5732,32.7745,39.34,52,0,1.86
238,Yishui,CN,2021-10-08 03:04:41,35.7847,118.6281,57.42,88,100,7.07
239,Richards Bay,ZA,2021-10-08 03:04:42,-28.783,32.0377,66.99,82,100,15.88
240,Port Lincoln,AU,2021-10-08 03:00:41,-34.7333,135.8667,66.69,36,100,14.97
241,Strangnas,SE,2021-10-08 03:04:43,59.3774,17.0312,49.98,94,90,6.29
242,Severo-Kurilsk,RU,2021-10-08 03:04:43,50.6789,156.125,48.79,75,100,20.74
243,Zavyalovo,RU,2021-10-08 03:04:43,54.5053,82.4484,42.17,89,100,11.43
244,Baie-Comeau,CA,2021-10-08 03:00:07,49.2168,-68.1489,56.1,80,35,6.55
245,Batagay,RU,2021-10-08 03:04:44,67.6333,134.6333,32.11,60,100,13.18
246,Barcelos,PT,2021-10-08 03:04:44,41.5388,-8.6151,60.94,73,22,3.53
247,Bandarbeyla,SO,2021-10-08 03:04:45,9.4942,50.8122,78.51,81,9,14.52
248,Lakselv,NO,2021-10-08 03:04:45,70.0513,24.9718,39.02,60,19,19.57
249,Sioux Lookout,CA,2021-10-08 03:04:45,50.1001,-91.917,62.01,81,100,8.43
250,Huarmey,PE,2021-10-08 03:04:46,-10.0681,-78.1522,63.73,88,96,11.34
251,Creel,MX,2021-10-08 03:04:46,27.75,-107.6333,56.66,57,59,4.34
252,Biak,ID,2021-10-08 03:04:46,-0.9131,122.8766,84.42,64,41,5.55
253,Burgeo,CA,2021-10-08 03:00:41,47.6167,-57.6152,48.52,87,100,3.36
254,Teeli,RU,2021-10-08 03:04:48,51.0333,90.2333,32.59,65,100,0.96
255,Naryan-Mar,RU,2021-10-08 03:04:48,67.6713,53.087,47.12,88,100,28.27
256,Filimonovo,RU,2021-10-08 03:04:49,56.2011,95.4611,35.94,96,100,15.37
257,Cherskiy,RU,2021-10-08 03:04:49,68.75,161.3,12.22,93,31,1.77
258,Arinos,BR,2021-10-08 03:04:49,-15.9169,-46.1056,81.05,40,19,1.21
259,Tiksi,RU,2021-10-08 03:04:50,71.6872,128.8694,25.45,85,100,20.56
260,Erenhot,CN,2021-10-08 03:04:50,43.6475,111.9767,58.06,47,83,11.97
261,Longyearbyen,SJ,2021-10-08 03:04:51,78.2186,15.6401,17.44,86,0,10.36
262,Bambous Virieux,MU,2021-10-08 03:04:51,-20.3428,57.7575,68.22,76,50,8.03
263,Ixtapa,MX,2021-10-08 03:04:51,20.7,-105.2,77.7,93,13,2.39
264,Korla,CN,2021-10-08 03:04:52,41.7597,86.1469,44.19,32,13,17.83
265,Koshurnikovo,RU,2021-10-08 03:04:52,54.1667,93.3,31.62,97,100,5.57
266,Hovd,MN,2021-10-08 03:01:57,48.0056,91.6419,33.22,33,69,4.97
267,Visby,SE,2021-10-08 03:04:53,57.6409,18.296,49.86,100,90,3.44
268,Bilopillya,UA,2021-10-08 03:04:53,51.1502,34.3129,36.43,62,100,7.56
269,Lebu,CL,2021-10-08 03:04:53,-37.6167,-73.65,47.5,89,1,8.61
270,Onokhoy,RU,2021-10-08 03:04:53,51.932,108.0747,38.95,54,97,5.19
271,Sidhi,IN,2021-10-08 03:04:54,24.4167,81.8833,81.97,64,4,3.09
272,Tucuman,AR,2021-10-08 03:04:54,-26.8241,-65.2226,59.0,67,40,4.61
273,Fort Nelson,CA,2021-10-08 03:00:41,58.8053,-122.7002,36.73,65,100,2.8
274,Muros,ES,2021-10-08 03:04:55,42.7762,-9.0603,64.83,75,39,5.68
275,Ascope,PE,2021-10-08 03:04:55,-7.7144,-79.1078,65.34,84,99,4.68
276,Port Augusta,AU,2021-10-08 03:04:56,-32.5,137.7667,76.71,16,0,10.76
277,Kadiri,IN,2021-10-08 03:04:56,14.1167,78.1667,78.87,74,99,6.78
278,Preston,GB,2021-10-08 03:02:45,53.7667,-2.7167,60.33,88,100,5.64
279,Susanville,US,2021-10-08 03:04:56,40.4163,-120.653,57.04,47,90,3.44
280,Atambua,ID,2021-10-08 03:04:57,-9.1061,124.8925,88.14,45,25,2.42
281,Palanga,LT,2021-10-08 03:04:57,55.9175,21.0686,35.55,65,100,11.77
282,Graham,US,2021-10-08 03:04:57,47.0529,-122.2943,50.02,87,20,0.0
283,Khoni,GE,2021-10-08 03:04:58,42.3226,42.4206,54.59,67,0,16.11
284,Okhotsk,RU,2021-10-08 03:04:58,59.3833,143.3,34.3,64,38,8.03
285,Maningrida,AU,2021-10-08 03:04:58,-12.0667,134.2667,89.64,50,86,11.61
286,Hessisch Lichtenau,DE,2021-10-08 03:04:58,51.2,9.7167,42.57,93,1,2.75
287,Tshikapa,CD,2021-10-08 03:04:59,-6.4167,20.8,71.38,85,41,1.43
288,Hereford,GB,2021-10-08 03:00:13,52.0568,-2.7148,58.78,71,76,4.68
289,Adrar,MR,2021-10-08 03:05:00,20.5022,-10.0711,86.58,9,92,8.97
290,Manavgat,TR,2021-10-08 03:05:00,36.7867,31.4431,63.01,36,0,5.3
291,Asosa,ET,2021-10-08 03:02:19,10.0667,34.5333,61.05,92,100,5.12
292,Kousseri,CM,2021-10-08 03:05:01,12.0769,15.0306,79.3,24,20,4.85
293,Vanavara,RU,2021-10-08 03:05:01,60.34,102.2797,33.39,91,100,8.1
294,Stephenville,US,2021-10-08 03:05:02,32.2207,-98.2023,77.0,62,1,5.75
295,Jaciara,BR,2021-10-08 03:05:06,-15.9653,-54.9683,76.46,79,75,1.92
296,Nemuro,JP,2021-10-08 03:05:07,43.3236,145.575,52.93,79,83,8.88
297,Katsuura,JP,2021-10-08 03:05:07,35.1333,140.3,77.14,75,47,11.65
298,Homestead,US,2021-10-08 03:00:10,25.4687,-80.4776,84.02,89,50,6.64
299,Lazaro Cardenas,MX,2021-10-08 03:05:08,17.9583,-102.2,79.72,86,78,3.11
300,Luba,GQ,2021-10-08 03:05:08,3.4568,8.5547,77.83,87,98,2.59
301,Ust-Nera,RU,2021-10-08 03:05:08,64.5667,143.2,28.4,56,93,8.05
302,Anadyr,RU,2021-10-08 03:05:09,64.75,177.4833,34.3,93,75,13.42
303,Weinan,CN,2021-10-08 03:05:09,34.5036,109.5089,60.22,82,95,7.45
304,Nanortalik,GL,2021-10-08 03:05:10,60.1432,-45.2371,38.21,61,89,3.76
305,Kattivakkam,IN,2021-10-08 03:05:11,13.2167,80.3167,84.29,75,100,10.49
306,Alofi,NU,2021-10-08 03:05:11,-19.0595,-169.9187,80.49,74,75,11.5
307,Saint-Pierre,RE,2021-10-08 03:05:12,-21.3393,55.4781,67.68,80,75,6.91
308,Bilibino,RU,2021-10-08 03:05:12,68.0546,166.4372,12.97,92,67,2.1
309,Cockburn Town,TC,2021-10-08 03:05:13,21.4612,-71.1419,83.1,75,3,17.67
310,Mamallapuram,IN,2021-10-08 03:05:13,12.6264,80.1722,84.25,78,100,10.89
311,Svetlyy,RU,2021-10-08 03:05:14,54.675,20.1347,37.45,56,79,7.67
312,Aksarka,RU,2021-10-08 03:05:14,66.5606,67.7975,44.64,83,100,22.19
313,Starodub,RU,2021-10-08 03:05:14,52.5844,32.7633,34.61,77,10,7.09
314,Orotukan,RU,2021-10-08 03:05:15,62.2667,151.7,20.53,82,57,3.38
315,Bani,DO,2021-10-08 03:05:15,18.2833,-70.3333,80.85,82,1,10.13
316,La Mira,MX,2021-10-08 03:05:15,18.035,-102.3266,78.48,89,75,3.67
317,Mareeba,AU,2021-10-08 03:05:16,-17.0,145.4333,89.44,37,12,10.92
318,Lagoa,PT,2021-10-08 03:05:16,39.05,-27.9833,68.36,73,5,7.36
319,Morondava,MG,2021-10-08 03:05:16,-20.2833,44.2833,71.64,60,6,11.56
320,Vostok,RU,2021-10-08 03:05:17,46.4856,135.8833,51.26,52,4,12.71
321,Santa Maria,BR,2021-10-08 03:04:42,-29.6842,-53.8069,51.46,82,9,8.86
322,Ilula,TZ,2021-10-08 03:05:17,-7.6766,36.0366,59.29,94,5,4.7
323,Eirunepe,BR,2021-10-08 03:04:14,-6.6603,-69.8736,74.37,81,99,0.49
324,Souillac,MU,2021-10-08 03:05:18,-20.5167,57.5167,68.36,77,31,4.79
325,Seybaplaya,MX,2021-10-08 03:05:18,19.65,-90.6667,78.49,86,100,5.91
326,Lasa,IT,2021-10-08 03:05:19,46.6166,10.7002,46.36,86,82,4.94
327,Wajima,JP,2021-10-08 03:05:19,37.4,136.9,73.29,75,99,6.44
328,Yar-Sale,RU,2021-10-08 03:05:19,66.8333,70.8333,43.21,93,100,17.83
329,Neiafu,TO,2021-10-08 03:05:20,-18.65,-173.9833,81.28,78,20,8.05
330,The Pas,CA,2021-10-08 03:00:41,53.8251,-101.2541,45.73,43,52,6.22
331,Svetlogorsk,BY,2021-10-08 03:05:20,52.6333,29.7333,34.75,65,0,5.82
332,Nioro,GM,2021-10-08 03:05:21,13.35,-15.75,76.33,90,63,5.88
333,Bone,DE,2021-10-08 03:05:21,51.9669,12.1396,52.29,92,3,5.53
334,Ostrovnoy,RU,2021-10-08 03:05:22,68.0531,39.5131,38.1,77,99,25.68
335,Nargana,PA,2021-10-08 03:05:22,9.4428,-78.5906,80.15,84,85,5.12
336,Aquidauana,BR,2021-10-08 03:05:23,-20.4711,-55.7872,73.87,85,72,3.58
337,Kununurra,AU,2021-10-08 03:05:23,-15.7667,128.7333,100.38,23,79,3.44
338,Barabai,ID,2021-10-08 03:05:23,-2.5833,115.3833,90.32,57,59,0.49
339,Hohhot,CN,2021-10-08 03:05:24,40.8106,111.6522,56.57,56,100,4.76
340,Untsukul,RU,2021-10-08 03:05:24,42.7115,46.7866,41.02,88,84,3.6
341,Abu Dhabi,AE,2021-10-08 03:00:52,24.4667,54.3667,88.32,60,0,3.71
342,Rehoboth,NA,2021-10-08 03:05:24,-23.3167,17.0833,62.11,13,0,7.02
343,Etchojoa,MX,2021-10-08 03:05:25,26.9167,-109.6333,91.27,38,3,13.04
344,Abalak,RU,2021-10-08 03:05:26,58.1286,68.5944,37.96,80,0,7.83
345,Kahului,US,2021-10-08 03:00:52,20.8947,-156.47,79.97,77,67,8.01
346,Port-Cartier,CA,2021-10-08 03:02:04,50.0334,-66.8654,47.75,78,100,5.95
347,Ceres,US,2021-10-08 03:05:27,37.5949,-120.9577,68.32,50,1,13.8
348,Chateau-Gontier,FR,2021-10-08 03:05:27,47.8333,-0.7,52.52,80,85,6.26
349,Tarauaca,BR,2021-10-08 03:05:28,-8.1614,-70.7656,73.87,90,98,2.51
350,Huaibei,CN,2021-10-08 03:05:28,33.9744,116.7917,60.62,86,100,9.17
351,Sechenovo,RU,2021-10-08 03:05:29,55.2244,45.8906,36.09,68,6,3.96
352,Kelme,LT,2021-10-08 03:05:29,55.6339,22.9342,35.62,74,43,5.73
353,Raudeberg,NO,2021-10-08 03:05:30,61.9875,5.1352,56.95,80,100,7.0
354,Langarud,IR,2021-10-08 03:05:30,37.197,50.1535,55.45,89,100,3.78
355,Moyale,KE,2021-10-08 03:02:18,3.5167,39.0584,66.47,71,43,7.87
356,Tura,IN,2021-10-08 03:05:31,25.5198,90.2201,82.62,71,35,0.29
357,Bengkulu,ID,2021-10-08 03:05:31,-3.8004,102.2655,82.11,71,40,5.64
358,Rosita,NI,2021-10-08 03:05:32,13.9268,-84.4032,73.09,99,100,2.46
359,Alihe,CN,2021-10-08 03:05:21,50.5667,123.7167,50.54,37,11,5.26
360,Santa Isabel Do Rio Negro,BR,2021-10-08 03:05:32,-0.4139,-65.0192,73.44,99,90,3.09
361,Superior,US,2021-10-08 03:05:33,46.7208,-92.1041,63.01,88,90,6.91
362,Kristiansund,NO,2021-10-08 03:05:34,63.1115,7.732,52.45,87,90,5.75
363,Ende,ID,2021-10-08 03:05:34,-8.8432,121.6623,87.51,58,87,6.29
364,Abbeville,FR,2021-10-08 03:05:34,50.1,1.8333,55.36,90,96,3.56
365,Salinopolis,BR,2021-10-08 03:05:35,-0.6136,-47.3561,80.06,79,7,11.3
366,Blumberg,DE,2021-10-08 03:05:35,47.8406,8.5333,48.7,88,71,8.46
367,Noumea,NC,2021-10-08 03:03:20,-22.2763,166.4572,78.78,59,30,19.42
368,Abu Zabad,SD,2021-10-08 03:05:36,12.35,29.25,76.5,27,78,6.53
369,Zambezi,ZM,2021-10-08 03:05:36,-13.5432,23.1047,65.75,39,5,5.44
370,Pitimbu,BR,2021-10-08 03:05:36,-7.4706,-34.8086,77.59,81,100,10.2
371,Hobyo,SO,2021-10-08 03:05:37,5.3505,48.5268,76.91,83,80,17.52
372,Saint Anthony,US,2021-10-08 03:05:37,45.0205,-93.218,66.52,86,90,0.0
373,Cuxhaven,DE,2021-10-08 03:05:27,53.8718,8.6909,46.29,100,40,2.3
374,Carbondale,US,2021-10-08 03:03:56,37.7273,-89.2168,67.96,95,20,0.0
375,Vila Franca Do Campo,PT,2021-10-08 03:05:38,37.7167,-25.4333,68.2,86,11,5.17
376,Amnat Charoen,TH,2021-10-08 03:05:38,15.9167,104.75,83.64,71,86,6.96
377,Chengzihe,CN,2021-10-08 03:05:38,45.3333,131.0667,61.65,32,58,13.51
378,Clyde River,CA,2021-10-08 03:03:17,70.4692,-68.5914,30.16,86,100,3.65
379,Springhill,US,2021-10-08 03:05:39,33.006,-93.4668,73.74,60,2,2.48
380,Alyangula,AU,2021-10-08 03:05:39,-13.8483,136.4192,85.32,65,86,11.3
381,Ambon,ID,2021-10-08 03:05:41,-3.6954,128.1814,86.14,84,40,3.44
382,Kanlagay,PH,2021-10-08 03:05:41,5.8757,121.2915,85.42,71,83,8.14
383,Nome,US,2021-10-08 03:02:06,64.5011,-165.4064,39.27,82,75,6.91
384,Nhamunda,BR,2021-10-08 03:05:41,-2.1861,-56.7131,76.57,83,96,2.04
385,Lompoc,US,2021-10-08 03:05:42,34.6391,-120.4579,63.57,89,90,0.0
386,Sao Felix Do Xingu,BR,2021-10-08 03:05:43,-6.6447,-51.995,76.91,64,13,0.51
387,Inhambane,MZ,2021-10-08 03:05:44,-23.865,35.3833,67.59,67,81,6.49
388,Ishigaki,JP,2021-10-08 03:05:44,24.3448,124.1572,83.08,70,100,17.07
389,Krasnoarmeyskoye,RU,2021-10-08 03:05:45,52.7182,50.0322,36.88,68,0,2.71
390,Chokurdakh,RU,2021-10-08 03:05:45,70.6333,147.9167,17.22,85,93,6.89
391,Aswan,EG,2021-10-08 03:05:45,24.0934,32.907,74.35,33,0,9.95
392,Rawson,AR,2021-10-08 03:05:46,-43.3002,-65.1023,47.34,78,0,9.13
393,Kamenka,RU,2021-10-08 03:05:46,51.3223,42.7678,35.51,61,33,5.97
394,Pevek,RU,2021-10-08 03:05:47,69.7008,170.3133,24.26,82,91,5.59
395,Port Elizabeth,ZA,2021-10-08 03:05:47,-33.918,25.5701,63.1,67,100,12.55
396,Magistralnyy,RU,2021-10-08 03:05:47,56.1725,107.4458,34.88,89,100,6.93
397,Mersin,TR,2021-10-08 03:05:48,36.862,34.6509,58.35,32,0,5.12
398,San Pedro De Macoris,DO,2021-10-08 03:05:48,18.4616,-69.2972,81.48,93,0,7.9
399,Kaitangata,NZ,2021-10-08 03:05:49,-46.2817,169.8464,55.92,73,91,8.23
400,Kittery,US,2021-10-08 03:05:50,43.0881,-70.7362,60.22,94,1,0.0
401,Esperance,AU,2021-10-08 03:05:50,-33.8667,121.9,61.12,54,94,16.51
402,Wasilla,US,2021-10-08 03:05:51,61.5814,-149.4394,45.86,84,40,3.44
403,Avaton,GR,2021-10-08 03:05:51,40.9667,24.8,62.94,72,75,11.5
404,Chunan,CN,2021-10-08 03:05:52,24.5277,110.548,79.43,60,64,8.23
405,Perth,AU,2021-10-08 03:01:39,-31.9333,115.8333,67.66,49,0,12.66
406,Bairiki,KI,2021-10-08 03:05:53,1.3292,172.9752,86.0,66,40,8.05
407,Hofn,IS,2021-10-08 03:03:11,64.2539,-15.2082,48.9,95,100,25.03
408,Fatehabad,IN,2021-10-08 03:05:54,29.5167,75.45,82.74,41,0,2.42
409,Porto Walter,BR,2021-10-08 03:05:54,-8.2686,-72.7439,74.26,83,78,1.21
410,Brawley,US,2021-10-08 03:05:55,32.9787,-115.5303,84.49,36,1,6.91
411,Benguela,AO,2021-10-08 03:05:55,-12.5763,13.4055,71.65,76,65,2.98
412,Jamtara,IN,2021-10-08 03:05:55,23.95,86.8,85.01,66,17,5.77
413,Tomatlan,MX,2021-10-08 03:05:56,19.9333,-105.25,77.95,90,9,1.21
414,Balkanabat,TM,2021-10-08 03:05:57,39.5108,54.3671,52.0,40,4,3.42
415,San Matias,BO,2021-10-08 03:05:57,-16.3667,-58.4,78.42,76,20,3.09
416,Keningau,MY,2021-10-08 03:05:57,5.3378,116.1602,86.45,56,97,2.06
417,Svetlaya,RU,2021-10-08 03:04:14,46.5389,138.3297,60.51,44,3,10.85
418,Novosheshminsk,RU,2021-10-08 03:05:58,55.0651,51.2338,36.45,82,21,3.78
419,Makakilo City,US,2021-10-08 03:05:58,21.3469,-158.0858,82.72,57,20,11.5
420,Petropavlovsk-Kamchatskiy,RU,2021-10-08 03:05:59,53.0452,158.6483,48.79,34,40,17.9
421,Leh,IN,2021-10-08 03:04:33,34.1667,77.5833,48.81,22,0,3.91
422,Daru,PG,2021-10-08 03:05:59,-9.0763,143.2092,81.72,85,92,13.06
423,Champerico,GT,2021-10-08 03:06:00,14.3,-91.9167,82.35,91,100,10.83
424,Krasnyy Chikoy,RU,2021-10-08 03:06:00,50.3643,108.7512,40.42,85,100,2.46
425,Livingston,GB,2021-10-08 03:04:03,55.9029,-3.5226,60.48,88,100,9.08
426,Kondoa,TZ,2021-10-08 03:06:01,-4.9,35.7833,59.58,93,8,4.59
427,Iquique,CL,2021-10-08 03:01:17,-20.2208,-70.1431,61.02,76,42,2.89
428,Purranque,CL,2021-10-08 03:06:01,-40.9167,-73.1667,42.46,99,2,3.09
429,Dalvik,IS,2021-10-08 03:06:02,65.9702,-18.5286,40.87,99,100,3.29
430,Goderich,CA,2021-10-08 03:06:02,43.7501,-81.7165,66.9,94,100,13.15
431,Kavaratti,IN,2021-10-08 03:06:02,10.5669,72.642,82.08,78,41,8.37
432,Bonthe,SL,2021-10-08 03:03:07,7.5264,-12.505,77.95,84,48,5.41
433,Cacoal,BR,2021-10-08 03:01:33,-11.4386,-61.4472,75.78,86,81,4.56
434,Nakhon Thai,TH,2021-10-08 03:06:03,17.1006,100.8374,86.31,67,79,2.84
435,Bakchar,RU,2021-10-08 03:06:03,57.0186,82.0711,41.09,92,100,6.49
436,Guerrero Negro,MX,2021-10-08 03:06:03,27.9769,-114.0611,70.59,75,98,18.48
437,Smolenskaya,RU,2021-10-08 03:06:04,44.7887,38.8018,45.64,88,45,5.64
438,Necochea,AR,2021-10-08 03:06:05,-38.5473,-58.7368,41.04,77,0,9.24
439,Ormara,PK,2021-10-08 03:06:05,25.2088,64.6357,81.01,82,1,5.26
440,Wladyslawowo,PL,2021-10-08 03:06:05,54.7909,18.4009,47.93,64,100,9.84
441,Sabang,ID,2021-10-08 03:06:06,5.8933,95.3214,82.71,76,100,21.9
442,Solvychegodsk,RU,2021-10-08 03:06:07,61.3305,46.9156,39.51,78,6,9.98
443,Kruisfontein,ZA,2021-10-08 03:06:07,-34.0033,24.7314,60.89,54,100,12.08
444,Kon Tum,VN,2021-10-08 03:06:08,14.35,108.0,71.76,98,100,2.86
445,Taikang,CN,2021-10-08 03:05:19,46.8333,124.4167,59.59,35,84,9.64
446,Lae,PG,2021-10-08 03:06:08,-6.7221,146.9847,85.05,66,55,8.14
447,El Vigia,VE,2021-10-08 03:06:09,8.6219,-71.6506,76.86,82,76,4.34
448,Ginda,IN,2021-10-08 03:06:09,30.6945,78.4932,66.49,71,0,1.88
449,Kiruna,SE,2021-10-08 03:06:09,67.8557,20.2251,31.12,100,90,3.44
450,Floro,NO,2021-10-08 03:03:10,61.5996,5.0328,56.97,94,90,28.77
451,Diplo,PK,2021-10-08 03:06:10,24.4667,69.584,85.41,57,51,9.26
452,Russell,US,2021-10-08 03:06:10,32.3502,-85.1999,73.0,93,12,1.57
453,Chengde,CN,2021-10-08 03:06:10,40.9725,117.9361,60.13,59,0,2.01
454,Portland,US,2021-10-08 03:02:01,45.5234,-122.6762,53.76,77,1,1.01
455,Tarabuco,BO,2021-10-08 03:06:11,-19.1667,-64.9167,50.29,80,48,4.16
456,Ucluelet,CA,2021-10-08 03:05:46,48.9329,-125.5528,50.09,82,100,4.23
457,Petaling Jaya,MY,2021-10-08 03:05:24,3.1073,101.6067,92.14,55,98,3.49
458,Clarence Town,AU,2021-10-08 03:06:11,-32.5833,151.7833,71.62,55,100,6.6
459,Kokstad,ZA,2021-10-08 03:06:11,-30.5472,29.4241,56.07,82,100,5.91
460,Rantauprapat,ID,2021-10-08 03:06:12,2.1,99.8333,84.56,67,100,2.17
461,Carmelo,UY,2021-10-08 03:06:12,-33.9892,-58.2856,57.16,86,0,8.57
462,Isla Vista,US,2021-10-08 03:06:13,34.4133,-119.861,68.07,83,90,3.44
463,Nalut,LY,2021-10-08 03:06:13,30.3333,10.85,67.05,69,0,11.07
464,Kadyy,RU,2021-10-08 03:06:13,57.787,43.1903,34.61,91,0,5.12
465,Aykhal,RU,2021-10-08 03:06:14,66.0,111.5,24.24,84,96,13.31
466,Trinidad,BO,2021-10-08 03:06:14,-14.8333,-64.9,80.53,61,17,3.42
467,Verkhoyansk,RU,2021-10-08 03:06:14,67.5447,133.385,35.8,43,100,16.55
468,Camargo,MX,2021-10-08 03:06:15,27.6667,-105.1667,75.67,32,1,8.66
469,Fortuna,US,2021-10-08 03:06:16,40.5982,-124.1573,53.65,51,34,1.01
470,Kotlas,RU,2021-10-08 03:06:16,61.2611,46.6556,39.92,76,2,10.49
471,Nador,MA,2021-10-08 03:06:17,35.174,-2.9287,62.85,94,20,2.3
472,Sungaipenuh,ID,2021-10-08 03:06:17,-2.0833,101.3833,75.22,68,94,2.77
473,Durazno,UY,2021-10-08 03:01:27,-33.4131,-56.5006,43.09,88,0,7.99
474,Kyabe,TD,2021-10-08 03:06:17,9.4515,18.9449,73.04,90,92,1.77
475,Nuristan,AF,2021-10-08 03:06:18,35.3,70.8333,42.91,31,0,8.86
476,Poum,NC,2021-10-08 03:06:18,-20.2333,164.0167,72.95,68,16,4.63
477,Zyryanka,RU,2021-10-08 03:06:19,65.75,150.85,29.66,51,19,11.12
478,Buraydah,SA,2021-10-08 03:06:19,26.326,43.975,75.52,22,0,7.25
479,Gasa,PS,2021-10-08 03:03:29,31.5,34.4667,68.92,65,0,9.89
480,Diamantino,BR,2021-10-08 03:06:19,-14.4086,-56.4461,74.46,89,97,3.33
481,Bubaque,GW,2021-10-08 03:06:20,11.2833,-15.8333,83.84,75,100,4.05
482,Darhan,MN,2021-10-08 03:06:20,49.4867,105.9228,43.92,71,100,5.77
483,Bayonet Point,US,2021-10-08 03:06:21,28.3267,-82.6834,80.6,86,3,1.01
484,Simao,CN,2021-10-08 03:06:21,22.7886,100.9748,73.18,78,83,1.25
485,Hatillo,PR,2021-10-08 03:06:21,18.4863,-66.8254,81.86,87,100,10.58
486,Half Moon Bay,US,2021-10-08 03:06:22,37.4636,-122.4286,58.96,78,90,5.75
487,Aklavik,CA,2021-10-08 03:06:22,68.2191,-135.0107,26.2,86,100,5.64
488,Egvekinot,RU,2021-10-08 03:06:22,66.3167,-179.1667,24.17,90,100,11.61
489,Bani Walid,LY,2021-10-08 03:06:23,31.7566,13.9942,65.21,87,0,0.16
490,Dicabisagan,PH,2021-10-08 03:06:23,17.0818,122.4157,87.42,62,93,5.88
491,Sebinkarahisar,TR,2021-10-08 03:06:23,40.2883,38.4236,43.02,69,3,0.92
492,Makokou,GA,2021-10-08 03:02:14,0.5738,12.8642,68.77,99,60,2.19
493,Parintins,BR,2021-10-08 03:06:24,-2.6283,-56.7358,75.6,84,84,2.08
494,Marakkanam,IN,2021-10-08 03:06:24,12.2,79.95,82.42,80,100,12.08
495,San Quintin,MX,2021-10-08 03:06:25,30.4833,-115.95,67.32,82,100,12.35
496,Madang,PG,2021-10-08 03:06:25,-5.2246,145.7966,85.91,63,12,7.7
497,Cotonou,BJ,2021-10-08 03:06:25,6.3654,2.4183,79.09,81,85,4.45
498,Santa Catarina De Tepehuanes,MX,2021-10-08 03:06:26,25.35,-105.7333,64.18,53,9,5.01
499,Bria,CF,2021-10-08 03:06:26,6.5423,21.9863,67.77,96,35,2.39
500,Chanthaburi,TH,2021-10-08 03:06:26,12.8333,102.1667,74.5,88,100,1.86
501,Kasongo,CD,2021-10-08 03:06:27,-4.45,26.6667,68.16,85,26,2.82
502,Maceio,BR,2021-10-08 03:06:27,-9.6658,-35.7353,74.64,94,40,2.3
503,La Baule-Escoublac,FR,2021-10-08 03:06:28,47.2922,-2.364,60.87,100,63,3.44
504,Dunedin,NZ,2021-10-08 03:06:28,-45.8742,170.5036,57.49,69,48,6.11
505,Kitimat,CA,2021-10-08 03:06:29,54.0524,-128.6534,43.92,28,100,2.53
506,Pontianak,ID,2021-10-08 03:06:29,-0.0333,109.3333,85.98,74,20,11.5
507,Bafia,CM,2021-10-08 03:06:29,4.75,11.2333,69.08,99,58,0.78
508,Sebastian,US,2021-10-08 03:06:30,35.1668,-94.2669,69.08,58,4,3.4
509,Lakatoro,VU,2021-10-08 03:06:30,-16.0999,167.4164,81.55,73,97,12.48
510,Berea,US,2021-10-08 03:02:35,41.3662,-81.8543,69.49,95,90,3.44
511,Lufilufi,WS,2021-10-08 03:06:30,-13.8745,-171.5986,79.79,74,24,14.56
512,Lata,PT,2021-10-08 03:06:31,40.1629,-8.3327,60.82,55,12,3.31
513,Bridlington,GB,2021-10-08 03:06:31,54.0831,-0.1919,59.9,93,22,7.83
514,San Cristobal,VE,2021-10-08 03:06:32,7.7669,-72.225,69.98,96,99,2.01
515,Yerofey Pavlovich,RU,2021-10-08 03:06:32,53.9667,121.9667,41.95,44,78,7.18
516,Taoudenni,ML,2021-10-08 03:06:33,22.6783,-3.9836,88.38,10,8,9.64
517,Labuhan,ID,2021-10-08 03:06:33,-6.8844,112.2051,89.47,47,0,0.6
518,Axim,GH,2021-10-08 03:06:33,4.8699,-2.2405,75.88,91,50,0.34
519,Namatanai,PG,2021-10-08 03:06:34,-3.6667,152.4333,84.02,73,97,1.77
520,Ulladulla,AU,2021-10-08 03:06:34,-35.35,150.4667,72.77,53,40,16.2
521,San Vicente,AR,2021-10-08 03:06:35,-26.6167,-54.1333,59.09,80,39,4.43
522,Abeche,TD,2021-10-08 03:06:35,13.8292,20.8324,78.71,26,98,8.95
523,Nurota,UZ,2021-10-08 03:06:35,40.5614,65.6886,46.49,31,98,0.54
524,Likasi,CD,2021-10-08 03:06:35,-10.9814,26.7333,61.16,51,66,3.6
525,Arman,RU,2021-10-08 03:06:36,59.7,150.1667,34.63,47,33,4.47
526,Bentiu,SS,2021-10-08 03:06:36,9.2333,29.8333,72.09,93,44,4.47
527,Itoman,JP,2021-10-08 03:06:37,26.1247,127.6694,86.38,73,75,18.41
528,Arlit,NE,2021-10-08 03:06:37,18.7369,7.3853,79.95,18,4,8.84
529,Townsville,AU,2021-10-08 03:06:38,-19.25,146.8,83.28,61,20,16.11
530,Simbahan,PH,2021-10-08 03:06:38,6.3032,120.5836,83.86,74,93,9.13
531,Mumford,GH,2021-10-08 03:06:38,5.2618,-0.759,77.04,87,39,3.8
532,Todos Santos,MX,2021-10-08 03:06:39,23.45,-110.2167,85.1,81,0,3.15
533,Byron Bay,AU,2021-10-08 03:06:39,-28.65,153.6167,78.91,64,57,11.34
534,Virginia Beach,US,2021-10-08 03:06:40,36.8529,-75.978,71.62,92,100,1.99
535,Yerbogachen,RU,2021-10-08 03:06:40,61.2767,108.0108,34.36,95,100,8.66
536,Grafton,US,2021-10-08 03:02:55,42.207,-71.6856,59.56,83,0,3.91
537,Ondjiva,AO,2021-10-08 03:06:40,-17.0667,15.7333,72.75,20,84,8.3
538,Alta Floresta,BR,2021-10-08 03:06:41,-9.8756,-56.0861,72.97,96,83,4.41
539,Sobolevo,RU,2021-10-08 03:06:41,54.4299,31.8996,33.55,72,0,2.73
540,Santa Isabel,BR,2021-10-08 03:04:53,-23.3156,-46.2214,62.65,95,100,5.7
541,Kemin,KG,2021-10-08 03:06:42,42.7846,75.6892,45.07,64,2,7.67
542,Caravelas,BR,2021-10-08 03:06:42,-17.7125,-39.2481,73.89,85,100,3.04
543,Sivas,TR,2021-10-08 03:06:43,39.7916,37.0019,39.83,100,0,2.3
544,Bagotville,AU,2021-10-08 03:06:43,-28.9833,153.4167,78.82,60,68,9.66
545,Meulaboh,ID,2021-10-08 03:06:43,4.1363,96.1285,82.29,70,99,1.66
546,San Isidro,PE,2021-10-08 03:06:44,-12.1167,-77.05,65.01,86,75,4.0
547,Saint-Francois,FR,2021-10-08 03:06:44,46.4154,3.9054,45.68,95,5,2.3
548,Morgantown,US,2021-10-08 03:06:44,39.6295,-79.9559,69.1,89,20,4.61
549,Cuencame,MX,2021-10-08 03:06:45,24.8711,-103.6964,69.96,37,0,4.74
550,Tiarei,PF,2021-10-08 03:06:45,-17.5333,-149.3333,80.62,72,10,1.48
551,Oga,IT,2021-10-08 03:06:46,46.4631,10.347,38.97,88,65,5.75
552,Diffa,NE,2021-10-08 03:06:46,13.3154,12.6113,82.96,20,69,7.94
553,Antalaha,MG,2021-10-08 03:06:47,-14.9003,50.2788,71.4,79,100,3.56
554,Gravdal,NO,2021-10-08 03:06:47,68.1214,13.5031,40.96,66,100,16.58
555,Sangar,RU,2021-10-08 03:06:48,63.9242,127.4739,33.48,95,100,4.97
556,Mackenzie,CA,2021-10-08 03:06:48,55.2999,-123.1698,33.75,97,100,2.08
557,Bosaso,SO,2021-10-08 03:06:48,11.2842,49.1816,84.61,73,25,2.46
558,Ulundi,ZA,2021-10-08 03:06:48,-28.3352,31.4162,62.6,91,100,4.38
559,Huangchuan,CN,2021-10-08 03:06:49,32.1272,115.0394,61.43,85,100,9.1
560,Rakiv Lis,UA,2021-10-08 03:06:49,51.6217,24.9243,36.21,57,0,7.45
561,Quzhou,CN,2021-10-08 03:06:50,28.9594,118.8686,82.38,66,48,10.2
562,Karratha,AU,2021-10-08 03:06:50,-20.7377,116.8463,84.88,35,0,9.31
563,Cidreira,BR,2021-10-08 03:06:50,-30.1811,-50.2056,59.54,66,4,7.14
