City_ID,City,Country,Date,Lat,Lng,Max Temp,Humidity,Cloudiness,Wind Speed,Current Description
0,Luau,AO,2021-10-11 23:32:37,-10.7073,22.2247,72.03,64,100,0.6,overcast clouds
1,Aklavik,CA,2021-10-11 23:30:36,68.2191,-135.0107,30.92,78,97,10.13,overcast clouds
2,Kapaa,US,2021-10-11 23:27:30,22.0752,-159.319,84.52,66,40,4.0,scattered clouds
3,Oktyabrskoye,RU,2021-10-11 23:32:37,43.0645,44.7417,35.74,100,1,6.71,mist
4,Victoria,HK,2021-10-11 23:30:25,22.2855,114.1577,77.25,74,96,1.99,light rain
5,Darhan,MN,2021-10-11 23:32:38,49.4867,105.9228,39.9,48,77,5.12,broken clouds
6,Provideniya,RU,2021-10-11 23:30:37,64.3833,-173.3,32.11,74,75,4.47,broken clouds
7,Pisco,PE,2021-10-11 23:25:45,-13.7,-76.2167,62.65,82,40,17.27,scattered clouds
8,Moramanga,MG,2021-10-11 23:32:38,-18.9333,48.2,55.94,99,68,2.8,broken clouds
9,Cherskiy,RU,2021-10-11 23:30:49,68.75,161.3,7.7,92,35,2.57,scattered clouds
10,Avarua,CK,2021-10-11 23:30:06,-21.2078,-159.775,78.85,78,75,10.36,moderate rain
11,Kavaratti,IN,2021-10-11 23:30:22,10.5669,72.642,81.41,82,100,21.81,overcast clouds
12,Great Yarmouth,GB,2021-10-11 23:32:39,52.6083,1.7305,52.05,85,94,12.06,overcast clouds
13,Ushuaia,AR,2021-10-11 23:26:30,-54.8,-68.3,49.66,50,40,9.22,scattered clouds
14,Betare Oya,CM,2021-10-11 23:32:39,5.6,14.0833,67.06,93,99,3.0,overcast clouds
15,Longyearbyen,SJ,2021-10-11 23:32:39,78.2186,15.6401,28.24,74,20,19.57,few clouds
16,Tamala,RU,2021-10-11 23:32:40,52.541,43.2515,42.94,54,100,6.78,overcast clouds
17,Mataura,NZ,2021-10-11 23:30:08,-46.1927,168.8643,47.91,56,95,10.56,overcast clouds
18,Hobart,AU,2021-10-11 23:26:00,-42.8794,147.3294,56.05,58,40,3.0,scattered clouds
19,Nemuro,JP,2021-10-11 23:32:40,43.3236,145.575,56.61,61,11,8.01,few clouds
20,Road Town,VG,2021-10-11 23:32:40,18.4167,-64.6167,83.19,83,20,10.36,few clouds
21,Paragominas,BR,2021-10-11 23:32:41,-2.9667,-47.4833,81.3,54,44,7.49,scattered clouds
22,Bluff,NZ,2021-10-11 23:30:30,-46.6,168.3333,47.39,55,95,19.8,overcast clouds
23,Kintampo,GH,2021-10-11 23:32:41,8.0563,-1.7306,74.46,90,99,1.57,overcast clouds
24,Lebu,CL,2021-10-11 23:30:40,-37.6167,-73.65,51.82,89,72,14.83,broken clouds
25,Salalah,OM,2021-10-11 23:30:53,17.0151,54.0924,78.89,78,75,3.44,broken clouds
26,Ust-Tsilma,RU,2021-10-11 23:32:41,65.441,52.1498,40.78,99,100,4.07,overcast clouds
27,Raudeberg,NO,2021-10-11 23:32:42,61.9875,5.1352,42.87,95,63,6.15,light rain
28,Kruisfontein,ZA,2021-10-11 23:30:44,-34.0033,24.7314,62.74,32,93,8.16,overcast clouds
29,Angoram,PG,2021-10-11 23:32:42,-4.0625,144.0661,88.5,63,46,2.17,scattered clouds
30,Yellowknife,CA,2021-10-11 23:30:17,62.456,-114.3525,35.42,83,75,3.0,broken clouds
31,George Town,MY,2021-10-11 23:29:54,5.4112,100.3354,76.95,89,20,2.3,few clouds
32,Jamestown,US,2021-10-11 23:29:16,42.097,-79.2353,69.39,76,1,7.0,clear sky
33,Buala,SB,2021-10-11 23:32:43,-8.145,159.5921,85.96,62,61,3.0,broken clouds
34,Rikitea,PF,2021-10-11 23:30:06,-23.1203,-134.9692,74.35,76,94,13.42,overcast clouds
35,Bafoulabe,ML,2021-10-11 23:32:43,13.8065,-10.8321,79.47,66,81,2.53,broken clouds
36,Butaritari,KI,2021-10-11 23:30:05,3.0707,172.7902,81.32,72,69,10.27,broken clouds
37,Punta Arenas,CL,2021-10-11 23:27:55,-53.15,-70.9167,50.11,62,40,11.5,scattered clouds
38,Castro,BR,2021-10-11 23:26:06,-24.7911,-50.0119,57.78,94,100,6.31,overcast clouds
39,Port Alfred,ZA,2021-10-11 23:30:24,-33.5906,26.891,67.5,60,71,9.1,broken clouds
40,Trondheim,NO,2021-10-11 23:28:14,63.4305,10.3951,48.0,87,94,1.01,overcast clouds
41,Bredasdorp,ZA,2021-10-11 23:30:33,-34.5322,20.0403,57.2,87,100,3.65,overcast clouds
42,Kifri,IQ,2021-10-11 23:32:44,34.6959,44.9661,74.86,17,5,2.77,clear sky
43,Pevek,RU,2021-10-11 23:30:29,69.7008,170.3133,16.74,89,100,6.42,overcast clouds
44,Sao Filipe,CV,2021-10-11 23:30:26,14.8961,-24.4956,79.48,73,3,11.3,clear sky
45,Iqaluit,CA,2021-10-11 23:32:44,63.7506,-68.5145,33.53,86,20,8.01,few clouds
46,Carutapera,BR,2021-10-11 23:31:15,-1.195,-46.02,79.7,77,31,9.19,scattered clouds
47,Ouango,CF,2021-10-11 23:32:44,4.3133,22.5552,70.63,98,100,2.82,overcast clouds
48,Leningradskiy,RU,2021-10-11 23:30:21,69.3833,178.4167,15.33,90,22,5.35,few clouds
49,Cidreira,BR,2021-10-11 23:31:28,-30.1811,-50.2056,63.21,92,100,22.01,overcast clouds
50,Diego De Almagro,CL,2021-10-11 23:32:45,-26.3667,-70.05,64.44,31,24,2.75,few clouds
51,Tabou,CI,2021-10-11 23:32:45,4.423,-7.3528,77.16,89,96,6.08,light rain
52,Luderitz,NA,2021-10-11 23:32:45,-26.6481,15.1594,67.78,45,1,10.13,clear sky
53,San Andres,CO,2021-10-11 23:23:49,12.5847,-81.7006,84.22,74,20,6.91,few clouds
54,Mahebourg,MU,2021-10-11 23:30:12,-20.4081,57.7,72.25,100,40,3.44,scattered clouds
55,Saint-Augustin,CA,2021-10-11 23:22:50,51.226,-58.6502,52.86,78,100,2.15,overcast clouds
56,Tuktoyaktuk,CA,2021-10-11 23:30:28,69.4541,-133.0374,28.4,100,90,3.44,overcast clouds
57,Cape Town,ZA,2021-10-11 23:26:13,-33.9258,18.4232,64.09,85,0,11.5,clear sky
58,Saint George,US,2021-10-11 23:28:50,37.1041,-113.5841,75.67,16,1,8.99,clear sky
59,Guanica,PR,2021-10-11 23:32:46,17.9716,-66.908,78.31,89,100,4.0,overcast clouds
60,Kushima,JP,2021-10-11 23:32:46,31.4583,131.2333,76.51,78,74,7.29,broken clouds
61,Kempele,FI,2021-10-11 23:32:47,64.9131,25.5034,45.12,100,90,2.3,overcast clouds
62,La Ronge,CA,2021-10-11 23:30:58,55.1001,-105.2842,37.65,93,90,10.36,mist
63,Hilo,US,2021-10-11 23:30:12,19.7297,-155.09,80.33,83,75,10.36,light rain
64,Namwala,ZM,2021-10-11 23:32:47,-15.7504,26.4384,68.9,54,0,10.02,clear sky
65,Huarmey,PE,2021-10-11 23:30:48,-10.0681,-78.1522,64.17,85,47,11.74,scattered clouds
66,Souillac,MU,2021-10-11 23:30:21,-20.5167,57.5167,72.36,100,40,3.44,scattered clouds
67,Jadu,LY,2021-10-11 23:32:48,31.953,12.0261,60.94,57,48,2.86,scattered clouds
68,East London,ZA,2021-10-11 23:30:34,-33.0153,27.9116,69.85,44,69,5.66,broken clouds
69,Berlevag,NO,2021-10-11 23:30:58,70.8578,29.0864,44.35,98,100,6.6,light rain
70,Busselton,AU,2021-10-11 23:30:19,-33.65,115.3333,48.04,62,93,14.5,overcast clouds
71,Shakiso,ET,2021-10-11 23:32:48,5.75,38.9167,60.6,94,100,2.24,overcast clouds
72,Albany,US,2021-10-11 23:30:17,42.6001,-73.9662,63.81,83,50,3.2,scattered clouds
73,Atuona,PF,2021-10-11 23:30:15,-9.8,-139.0333,78.33,71,14,17.87,few clouds
74,Thompson,CA,2021-10-11 23:30:23,55.7435,-97.8558,46.56,100,90,3.44,mist
75,Sorland,NO,2021-10-11 23:23:06,67.667,12.6934,42.87,71,100,23.96,light rain
76,Northam,GB,2021-10-11 23:32:50,51.0333,-4.2167,51.67,93,19,5.91,few clouds
77,Hermanus,ZA,2021-10-11 23:30:19,-34.4187,19.2345,58.89,82,100,3.56,overcast clouds
78,Baruun-Urt,MN,2021-10-11 23:32:50,46.6806,113.2792,37.08,41,0,7.14,clear sky
79,Macusani,PE,2021-10-11 23:32:51,-14.0833,-70.4333,41.27,80,72,4.61,broken clouds
80,Arraial Do Cabo,BR,2021-10-11 23:30:16,-22.9661,-42.0278,68.25,82,100,22.21,light rain
81,Tuatapere,NZ,2021-10-11 23:32:51,-46.1333,167.6833,47.25,63,86,12.5,overcast clouds
82,Grindavik,IS,2021-10-11 23:30:48,63.8424,-22.4338,45.07,81,75,11.5,broken clouds
83,Bambous Virieux,MU,2021-10-11 23:30:35,-20.3428,57.7575,72.21,100,40,3.44,scattered clouds
84,Vaini,TO,2021-10-11 23:30:15,-21.2,-175.2,77.16,73,20,12.66,few clouds
85,Mareeba,AU,2021-10-11 23:32:51,-17.0,145.4333,83.44,59,96,3.36,overcast clouds
86,Meulaboh,ID,2021-10-11 23:31:23,4.1363,96.1285,76.35,85,97,3.42,overcast clouds
87,Isla Mujeres,MX,2021-10-11 23:32:52,21.2311,-86.731,80.65,80,11,10.33,few clouds
88,Hithadhoo,MV,2021-10-11 23:30:28,-0.6,73.0833,82.6,74,100,16.4,overcast clouds
89,Shugurovo,RU,2021-10-11 23:32:52,54.5083,52.1326,42.87,82,100,5.1,overcast clouds
90,Porvoo,FI,2021-10-11 23:32:52,60.3923,25.6651,48.92,88,90,12.82,light rain
91,Barrow,US,2021-10-11 23:30:02,71.2906,-156.7887,28.42,69,90,10.36,overcast clouds
92,Palmer,US,2021-10-11 23:32:53,42.1584,-72.3287,62.55,82,20,0.0,few clouds
93,Namibe,AO,2021-10-11 23:31:08,-15.1961,12.1522,68.23,93,23,3.85,few clouds
94,Kavieng,PG,2021-10-11 23:32:53,-2.5744,150.7967,84.52,68,23,8.75,few clouds
95,Kudahuvadhoo,MV,2021-10-11 23:23:06,2.6708,72.8944,83.12,73,97,18.5,overcast clouds
96,Marystown,CA,2021-10-11 23:32:54,47.1666,-55.1483,53.85,100,24,4.43,few clouds
97,Katsuura,JP,2021-10-11 23:30:42,35.1333,140.3,75.18,89,69,15.93,broken clouds
98,Laguna,US,2021-10-11 23:32:54,38.421,-121.4238,71.4,20,20,8.99,few clouds
99,Ancud,CL,2021-10-11 23:31:16,-41.8697,-73.8203,56.73,90,100,4.76,overcast clouds
100,Beloha,MG,2021-10-11 23:32:54,-25.1667,45.05,62.06,76,40,9.57,scattered clouds
101,Cap Malheureux,MU,2021-10-11 23:32:55,-19.9842,57.6142,72.46,88,86,1.99,overcast clouds
102,Saskylakh,RU,2021-10-11 23:30:32,71.9167,114.0833,26.2,96,100,14.18,light snow
103,Nishihara,JP,2021-10-11 23:32:55,26.1842,127.7558,78.46,89,75,14.97,broken clouds
104,Humaita,BR,2021-10-11 23:32:55,-7.5061,-63.0208,82.24,67,84,3.22,broken clouds
105,Gorontalo,ID,2021-10-11 23:32:56,0.5412,123.0595,84.22,71,88,3.6,overcast clouds
106,Clermont,FR,2021-10-11 23:32:56,49.5,2.4167,49.05,93,68,5.99,broken clouds
107,Quata,BR,2021-10-11 23:32:56,-22.2475,-50.6983,70.84,68,98,11.72,overcast clouds
108,Anori,BR,2021-10-11 23:32:57,-3.7728,-61.6442,83.71,58,83,1.41,broken clouds
109,Inuvik,CA,2021-10-11 23:30:55,68.3499,-133.7218,30.96,93,75,3.44,broken clouds
110,Burnie,AU,2021-10-11 23:32:57,-41.0667,145.9167,49.95,84,92,12.71,overcast clouds
111,Lavumisa,SZ,2021-10-11 23:32:57,-27.31,31.892,52.92,76,67,5.82,broken clouds
112,Cabo San Lucas,MX,2021-10-11 23:29:58,22.8909,-109.9124,91.62,65,20,11.5,few clouds
113,Acarau,BR,2021-10-11 23:32:58,-2.8856,-40.12,79.21,79,6,17.0,clear sky
114,Auki,SB,2021-10-11 23:32:58,-8.7676,160.7034,86.65,61,43,4.61,scattered clouds
115,Chibuto,MZ,2021-10-11 23:32:58,-24.6867,33.5306,58.37,72,0,4.7,clear sky
116,Dikson,RU,2021-10-11 23:30:09,73.5069,80.5464,30.49,70,88,13.56,overcast clouds
117,Waipawa,NZ,2021-10-11 23:32:59,-41.4122,175.5153,56.03,86,34,13.13,scattered clouds
118,Vinces,EC,2021-10-11 23:32:59,-1.55,-79.7333,80.49,51,64,5.79,broken clouds
119,Sabha,LY,2021-10-11 23:32:59,27.0377,14.4283,72.3,30,64,8.88,broken clouds
120,Pandan,PH,2021-10-11 23:32:59,14.0453,124.1694,82.51,80,100,16.46,overcast clouds
121,Port-Cartier,CA,2021-10-11 23:31:50,50.0334,-66.8654,52.75,89,32,3.98,scattered clouds
122,Severo-Kurilsk,RU,2021-10-11 23:30:37,50.6789,156.125,45.64,85,91,31.25,light rain
123,Takoradi,GH,2021-10-11 23:33:00,4.8845,-1.7554,77.41,92,41,6.11,scattered clouds
124,Omboue,GA,2021-10-11 23:33:00,-1.5746,9.2618,77.25,89,100,4.25,overcast clouds
125,Gwadar,PK,2021-10-11 23:33:01,25.1216,62.3254,80.19,30,0,8.5,clear sky
126,Porto Novo,BJ,2021-10-11 23:33:01,6.4965,2.6036,82.22,89,15,5.01,light rain
127,Khatanga,RU,2021-10-11 23:30:38,71.9667,102.5,17.31,96,100,6.15,light snow
128,Leshukonskoye,RU,2021-10-11 23:33:02,64.8989,45.7622,42.75,93,97,7.65,overcast clouds
129,Maniitsoq,GL,2021-10-11 23:23:32,65.4167,-52.9,37.9,73,97,5.32,overcast clouds
130,Lotoshino,RU,2021-10-11 23:33:02,56.2267,35.6414,38.28,79,83,6.71,broken clouds
131,Necochea,AR,2021-10-11 23:33:03,-38.5473,-58.7368,60.04,95,41,10.25,scattered clouds
132,Pineville,US,2021-10-11 23:33:03,31.3224,-92.4343,84.13,73,75,5.75,broken clouds
133,Lagoa,PT,2021-10-11 23:30:40,39.05,-27.9833,69.19,82,100,10.8,overcast clouds
134,Mar Del Plata,AR,2021-10-11 23:30:22,-38.0023,-57.5575,57.99,61,75,8.99,broken clouds
135,Champerico,GT,2021-10-11 23:33:03,14.3,-91.9167,86.34,80,15,7.25,few clouds
136,Paoua,CF,2021-10-11 23:33:04,7.2427,16.4406,69.98,97,97,5.19,light rain
137,Pingdu,CN,2021-10-11 23:33:04,36.7844,119.9464,53.04,60,86,4.16,overcast clouds
138,Qaanaaq,GL,2021-10-11 23:30:01,77.484,-69.3632,30.96,97,100,9.33,light snow
139,Colares,PT,2021-10-11 23:33:04,38.7992,-9.4469,75.33,47,6,4.0,clear sky
140,Zhigansk,RU,2021-10-11 23:30:16,66.7697,123.3711,22.01,91,100,12.77,overcast clouds
141,Port Elizabeth,ZA,2021-10-11 23:30:44,-33.918,25.5701,55.69,67,0,5.75,clear sky
142,Carnarvon,AU,2021-10-11 23:30:39,-24.8667,113.6333,60.87,55,0,21.85,clear sky
143,Port Hardy,CA,2021-10-11 23:30:19,50.6996,-127.4199,48.38,87,75,8.05,broken clouds
144,Saint-Pierre,RE,2021-10-11 23:25:39,-21.3393,55.4781,71.29,94,90,13.8,light rain
145,Mansehra,PK,2021-10-11 23:33:05,34.3333,73.2,58.39,57,2,7.11,clear sky
146,Shilka,RU,2021-10-11 23:33:05,51.85,116.0333,40.39,72,66,3.85,broken clouds
147,Bengkulu,ID,2021-10-11 23:30:09,-3.8004,102.2655,76.46,84,94,3.71,overcast clouds
148,Ponta Do Sol,PT,2021-10-11 23:31:00,32.6667,-17.1,72.23,63,67,5.21,broken clouds
149,Yaan,NG,2021-10-11 23:33:06,7.3833,8.5667,75.04,86,24,4.36,few clouds
150,Luanda,AO,2021-10-11 23:30:21,-8.8368,13.2343,75.2,83,75,6.91,broken clouds
151,Alofi,NU,2021-10-11 23:31:01,-19.0595,-169.9187,76.89,73,40,16.11,scattered clouds
152,Santa Lucia,ES,2021-10-11 23:33:06,27.9117,-15.5407,63.77,63,20,9.22,few clouds
153,Beringovskiy,RU,2021-10-11 23:30:47,63.05,179.3167,25.81,85,88,2.08,overcast clouds
154,Sitka,US,2021-10-11 23:33:07,57.0531,-135.33,46.29,71,90,20.71,moderate rain
155,Bethel,US,2021-10-11 23:30:17,41.3712,-73.414,65.66,88,1,3.44,clear sky
156,Upington,ZA,2021-10-11 23:33:07,-28.4478,21.2561,77.38,27,0,11.5,clear sky
157,Gaurela,IN,2021-10-11 23:33:07,22.75,81.9,65.01,71,19,2.44,few clouds
158,Ovsyanka,RU,2021-10-11 23:33:08,55.9575,92.5519,22.17,80,100,3.78,overcast clouds
159,Faanui,PF,2021-10-11 23:30:51,-16.4833,-151.75,80.01,78,41,14.74,light rain
160,San Cristobal,VE,2021-10-11 23:29:00,7.7669,-72.225,75.38,85,91,1.9,overcast clouds
161,Norman Wells,CA,2021-10-11 23:33:08,65.282,-126.8329,33.84,75,75,6.91,broken clouds
162,Rolla,US,2021-10-11 23:33:08,37.9514,-91.7713,61.14,83,90,3.0,overcast clouds
163,Grandview,US,2021-10-11 23:33:09,38.8858,-94.533,66.18,69,40,8.05,scattered clouds
164,Alice Springs,AU,2021-10-11 23:30:52,-23.7,133.8833,60.35,72,0,8.05,clear sky
165,Tazovskiy,RU,2021-10-11 23:33:09,67.4667,78.7,27.28,77,98,5.23,overcast clouds
166,Taylorville,US,2021-10-11 23:33:09,39.5489,-89.2945,66.42,79,93,21.25,overcast clouds
167,Tasiilaq,GL,2021-10-11 23:30:59,65.6145,-37.6368,33.96,70,63,4.47,broken clouds
168,The Pas,CA,2021-10-11 23:30:52,53.8251,-101.2541,48.22,76,90,16.11,haze
169,Sao Carlos,BR,2021-10-11 23:33:10,-22.0175,-47.8908,65.23,90,39,5.14,scattered clouds
170,Saint-Philippe,RE,2021-10-11 23:33:10,-21.3585,55.7679,71.22,92,84,5.77,light rain
171,Westport,US,2021-10-11 23:27:27,41.1415,-73.3579,67.8,85,40,1.99,scattered clouds
172,San Patricio,US,2021-10-11 23:30:14,28.017,-97.5169,85.05,69,90,4.25,overcast clouds
173,Portland,US,2021-10-11 23:27:40,45.5234,-122.6762,60.84,56,40,1.01,scattered clouds
174,Pacific Grove,US,2021-10-11 23:29:27,36.6177,-121.9166,70.88,68,1,5.99,clear sky
175,Alugan,PH,2021-10-11 23:33:11,12.2188,125.4808,81.21,80,100,10.04,overcast clouds
176,Killarney,IE,2021-10-11 23:33:11,52.05,-9.5167,47.73,92,49,0.65,scattered clouds
177,Askiz,RU,2021-10-11 23:33:11,53.1319,90.5264,37.17,98,100,1.07,light rain
178,Padang,ID,2021-10-11 23:33:12,-0.9492,100.3543,71.65,82,47,3.22,scattered clouds
179,Puerto Ayora,EC,2021-10-11 23:30:27,-0.7393,-90.3518,70.56,88,82,8.99,broken clouds
180,Suntar,RU,2021-10-11 23:33:12,62.1444,117.6319,25.81,58,74,13.71,broken clouds
181,Medina,SA,2021-10-11 23:33:12,24.4686,39.6142,88.23,8,0,4.61,clear sky
182,Dongtai,CN,2021-10-11 23:33:13,32.8523,120.3095,65.34,65,11,12.84,light rain
183,Lumding,IN,2021-10-11 23:33:13,25.7535,93.1732,74.59,99,30,0.78,scattered clouds
184,Fairbanks,US,2021-10-11 23:28:49,64.8378,-147.7164,44.56,64,1,11.5,clear sky
185,Esperance,AU,2021-10-11 23:33:13,-33.8667,121.9,46.24,67,95,26.78,overcast clouds
186,Dezhou,CN,2021-10-11 23:33:13,37.4486,116.2925,51.93,60,1,4.34,clear sky
187,Oranjemund,NA,2021-10-11 23:33:14,-28.55,16.4333,60.75,73,50,5.06,scattered clouds
188,Urumqi,CN,2021-10-11 23:33:14,43.801,87.6005,38.35,75,0,4.47,clear sky
189,Strezhevoy,RU,2021-10-11 23:33:14,60.7333,77.5889,28.38,71,75,4.97,broken clouds
190,Vanimo,PG,2021-10-11 23:31:20,-2.6741,141.3028,85.89,66,71,4.16,broken clouds
191,Kamaishi,JP,2021-10-11 23:33:15,39.2667,141.8833,58.15,80,100,8.43,moderate rain
192,Surt,LY,2021-10-11 23:33:15,31.2089,16.5887,73.33,63,22,10.98,few clouds
193,Jimenez,MX,2021-10-11 23:33:15,28.3333,-105.4,90.34,20,8,12.41,clear sky
194,Fortuna,US,2021-10-11 23:26:16,40.5982,-124.1573,61.2,67,1,1.01,clear sky
195,New Norfolk,AU,2021-10-11 23:30:13,-42.7826,147.0587,55.71,47,66,2.89,broken clouds
196,Awbari,LY,2021-10-11 23:33:16,26.5921,12.7805,70.59,45,32,13.98,scattered clouds
197,Torbat-E Jam,IR,2021-10-11 23:33:16,35.244,60.6225,44.13,31,0,10.67,clear sky
198,Airai,TL,2021-10-11 23:30:18,-8.9266,125.4092,72.86,53,65,2.82,broken clouds
199,Chiredzi,ZW,2021-10-11 23:33:16,-21.05,31.6667,60.75,47,0,4.36,clear sky
200,Springhill,US,2021-10-11 23:33:17,33.006,-93.4668,83.8,55,0,3.0,clear sky
201,Jalu,LY,2021-10-11 23:33:17,29.0331,21.5482,76.37,27,0,5.77,clear sky
202,Antsohihy,MG,2021-10-11 23:33:18,-14.8796,47.9875,72.66,66,56,4.79,broken clouds
203,Chalus,IR,2021-10-11 23:33:18,36.655,51.4204,56.66,88,0,2.3,clear sky
204,Svetlogorsk,BY,2021-10-11 23:33:18,52.6333,29.7333,41.85,73,99,5.66,overcast clouds
205,Constitucion,CL,2021-10-11 23:31:27,-35.3333,-72.4167,51.57,92,10,2.28,clear sky
206,Nikolskoye,RU,2021-10-11 23:30:13,59.7035,30.7861,41.88,71,70,8.59,light rain
207,Jiayuguan,CN,2021-10-11 23:33:19,39.8167,98.3,42.51,23,95,10.45,overcast clouds
208,Genhe,CN,2021-10-11 23:33:19,50.7833,121.5167,39.04,68,15,3.91,few clouds
209,San Quintin,MX,2021-10-11 23:33:19,30.4833,-115.95,67.53,72,0,15.64,clear sky
210,Brattleboro,US,2021-10-11 23:33:20,42.8509,-72.5579,62.22,91,51,1.99,broken clouds
211,Pizarro,CO,2021-10-11 23:33:20,4.9533,-77.366,78.08,89,94,6.06,light rain
212,Hamilton,US,2021-10-11 23:31:36,39.1834,-84.5333,77.41,72,1,1.99,clear sky
213,Pundaguitan,PH,2021-10-11 23:33:20,6.3711,126.1689,84.25,72,100,12.66,moderate rain
214,Hasaki,JP,2021-10-11 23:33:21,35.7333,140.8333,72.0,89,100,20.42,overcast clouds
215,Moron,AR,2021-10-11 23:33:21,-34.6534,-58.6198,64.15,86,59,5.01,broken clouds
216,Lujan,AR,2021-10-11 23:30:04,-34.5703,-59.105,64.15,84,59,4.0,broken clouds
217,Pringsewu,ID,2021-10-11 23:33:21,-5.3582,104.9744,78.78,84,97,5.35,overcast clouds
218,Nelson Bay,AU,2021-10-11 23:33:22,-32.7167,152.15,63.09,66,100,3.0,light rain
219,Mogadishu,SO,2021-10-11 23:30:04,2.0371,45.3438,77.74,85,95,15.79,overcast clouds
220,Halifax,CA,2021-10-11 23:31:19,44.6453,-63.5724,59.05,91,12,3.44,few clouds
221,Tura,IN,2021-10-11 23:33:22,25.5198,90.2201,72.14,90,4,3.83,clear sky
222,Oudtshoorn,ZA,2021-10-11 23:33:22,-33.5907,22.2014,55.76,30,93,2.17,overcast clouds
223,Bathsheba,BB,2021-10-11 23:30:01,13.2167,-59.5167,81.21,83,20,8.05,light rain
224,San Isidro,PE,2021-10-11 23:33:23,-12.1167,-77.05,65.01,86,90,1.01,overcast clouds
225,Port-Gentil,GA,2021-10-11 23:31:08,-0.7193,8.7815,76.96,94,75,3.44,light rain
226,Ahipara,NZ,2021-10-11 23:33:23,-35.1667,173.1667,59.83,62,96,16.35,overcast clouds
227,Boa Vista,BR,2021-10-11 23:33:23,2.8197,-60.6733,80.58,78,75,1.14,thunderstorm
228,Kloulklubed,PW,2021-10-11 23:33:23,7.0419,134.2556,82.9,75,97,8.68,overcast clouds
229,Kedougou,SN,2021-10-11 23:33:24,12.5579,-12.1743,77.31,87,76,3.38,light rain
230,Talaya,RU,2021-10-11 23:33:24,61.3833,152.75,17.55,66,83,3.29,broken clouds
231,Bahia Blanca,AR,2021-10-11 23:29:42,-38.7196,-62.2724,68.86,47,62,4.34,broken clouds
232,Digby,CA,2021-10-11 23:31:23,44.6169,-65.7655,55.58,88,2,4.92,clear sky
233,Goderich,CA,2021-10-11 23:33:24,43.7501,-81.7165,73.9,68,100,10.36,overcast clouds
234,Barcelona,ES,2021-10-11 23:32:24,41.3888,2.159,64.54,81,0,1.99,clear sky
235,Zyryanovsk,KZ,2021-10-11 23:33:25,49.7386,84.2719,35.4,100,100,2.62,overcast clouds
236,Talnakh,RU,2021-10-11 23:30:46,69.4865,88.3972,18.07,96,100,4.74,overcast clouds
237,Torbay,CA,2021-10-11 23:30:52,47.6666,-52.7314,48.27,94,75,9.22,broken clouds
238,Port Lincoln,AU,2021-10-11 23:32:14,-34.7333,135.8667,62.56,41,100,19.35,overcast clouds
239,Vao,NC,2021-10-11 23:33:25,-22.6667,167.4833,71.64,72,94,14.23,overcast clouds
240,Whyalla,AU,2021-10-11 23:33:26,-33.0333,137.5833,62.49,29,92,8.05,overcast clouds
241,Coihaique,CL,2021-10-11 23:33:26,-45.5752,-72.0662,51.75,50,90,3.44,overcast clouds
242,Altay,CN,2021-10-11 23:33:26,47.8667,88.1167,30.97,71,77,6.69,broken clouds
243,Georgetown,MY,2021-10-11 23:29:29,5.4112,100.3354,76.95,89,20,2.3,few clouds
244,Zelenogorskiy,RU,2021-10-11 23:33:27,55.0333,87.0,27.12,93,100,3.44,light snow
245,Bartica,GY,2021-10-11 23:33:27,6.4,-58.6167,80.92,96,66,2.59,broken clouds
246,Mount Gambier,AU,2021-10-11 23:30:40,-37.8333,140.7667,51.71,71,70,11.5,broken clouds
247,Lorengau,PG,2021-10-11 23:30:10,-2.0226,147.2712,85.89,68,16,7.87,few clouds
248,Poum,NC,2021-10-11 23:30:42,-20.2333,164.0167,75.76,79,93,18.61,overcast clouds
249,General Roca,AR,2021-10-11 23:33:28,-39.0333,-67.5833,72.0,17,70,8.68,light rain
250,Lompoc,US,2021-10-11 23:31:17,34.6391,-120.4579,70.57,63,1,21.85,haze
251,Ucluelet,CA,2021-10-11 23:31:36,48.9329,-125.5528,57.09,80,6,1.01,clear sky
252,Dahegam,IN,2021-10-11 23:33:28,23.1667,72.8167,78.57,71,0,2.73,clear sky
253,Dingle,PH,2021-10-11 23:33:28,10.9995,122.6711,77.45,96,100,16.06,overcast clouds
254,Mimongo,GA,2021-10-11 23:33:29,-1.6195,11.6068,71.13,99,100,1.97,overcast clouds
255,Morro Bay,US,2021-10-11 23:33:29,35.3658,-120.8499,70.68,42,0,23.0,clear sky
256,Ardesen,TR,2021-10-11 23:33:29,41.1911,40.9875,57.16,69,78,3.98,broken clouds
257,Tiksi,RU,2021-10-11 23:30:30,71.6872,128.8694,28.31,98,100,4.9,light snow
258,Ribeira Grande,PT,2021-10-11 23:30:24,38.5167,-28.7,70.07,76,82,6.71,broken clouds
259,Ilulissat,GL,2021-10-11 23:31:15,69.2167,-51.1,24.82,74,100,2.3,overcast clouds
260,Lekoni,GA,2021-10-11 23:33:30,-1.5843,14.2591,73.45,90,100,3.62,overcast clouds
261,Nome,US,2021-10-11 23:30:29,64.5011,-165.4064,37.47,60,75,6.91,broken clouds
262,Kahului,US,2021-10-11 23:27:27,20.8947,-156.47,85.26,83,75,20.71,light rain
263,Hofn,IS,2021-10-11 23:30:39,64.2539,-15.2082,39.94,67,79,7.05,broken clouds
264,Vyazemskiy,RU,2021-10-11 23:33:30,47.5378,134.7525,49.06,54,0,4.0,clear sky
265,Caravelas,BR,2021-10-11 23:30:59,-17.7125,-39.2481,70.97,92,100,12.01,overcast clouds
266,Charlestown,AU,2021-10-11 23:33:31,-32.95,151.6667,62.82,89,100,10.09,light rain
267,Tromso,NO,2021-10-11 23:33:31,69.6496,18.957,42.82,93,75,2.3,broken clouds
268,Pamekasan,ID,2021-10-11 23:33:31,-7.1568,113.4746,81.97,64,82,7.45,broken clouds
269,Killybegs,IE,2021-10-11 23:33:31,54.6333,-8.45,52.45,91,68,8.14,broken clouds
270,Kimbe,PG,2021-10-11 23:33:32,-5.5502,150.1429,87.57,63,86,3.31,overcast clouds
271,Leh,IN,2021-10-11 23:23:39,34.1667,77.5833,38.89,45,0,4.97,clear sky
272,Wanning,CN,2021-10-11 23:33:32,18.8003,110.3967,75.04,81,85,14.14,overcast clouds
273,Dongning,CN,2021-10-11 23:33:32,44.0622,131.1207,51.42,57,0,2.17,clear sky
274,Lokosovo,RU,2021-10-11 23:33:33,61.1333,74.8167,28.17,66,99,5.23,overcast clouds
275,Jacarau,BR,2021-10-11 23:33:33,-6.6122,-35.2928,70.52,91,74,5.23,broken clouds
276,Kondagaon,IN,2021-10-11 23:33:34,19.6,81.6667,65.08,90,73,2.39,broken clouds
277,South Lake Tahoe,US,2021-10-11 23:33:34,38.9332,-119.9844,43.5,55,90,10.36,overcast clouds
278,Gravina In Puglia,IT,2021-10-11 23:33:34,40.8197,16.4228,57.56,95,52,14.09,broken clouds
279,Acapulco,MX,2021-10-11 23:31:18,16.8634,-99.8901,85.82,74,40,6.91,scattered clouds
280,Iberia,US,2021-10-11 23:33:34,29.9502,-91.7507,82.47,74,90,9.22,overcast clouds
281,Arroyo,ES,2021-10-11 23:33:35,41.6096,-4.7969,52.14,67,0,4.61,clear sky
282,Sobolevo,RU,2021-10-11 23:30:35,54.4299,31.8996,39.36,80,97,5.93,light rain
283,Klaksvik,FO,2021-10-11 23:30:50,62.2266,-6.589,38.32,68,100,7.83,overcast clouds
284,Komsomolskiy,UZ,2021-10-11 23:30:46,40.4272,71.7189,44.02,70,0,4.61,clear sky
285,Jiwani,PK,2021-10-11 23:33:35,25.05,61.7417,79.36,30,0,11.41,clear sky
286,Ngunguru,NZ,2021-10-11 23:33:36,-35.6167,174.5,62.17,59,99,14.9,overcast clouds
287,Kirakira,SB,2021-10-11 23:33:36,-10.4544,161.9205,84.09,70,31,5.55,scattered clouds
288,Hailar,CN,2021-10-11 23:33:36,49.2,119.7,40.89,55,0,10.45,clear sky
289,Colac,AU,2021-10-11 23:33:36,-38.3333,143.5833,54.84,55,1,8.88,clear sky
290,Coruripe,BR,2021-10-11 23:33:27,-10.1256,-36.1756,76.57,83,0,12.93,clear sky
291,Coquimbo,CL,2021-10-11 23:33:37,-29.9533,-71.3436,56.93,82,75,10.36,broken clouds
292,Chimbote,PE,2021-10-11 23:33:37,-9.0853,-78.5783,63.52,86,37,12.44,scattered clouds
293,Mercedes,AR,2021-10-11 23:33:37,-34.6515,-59.4307,63.84,90,47,9.55,scattered clouds
294,Port Hedland,AU,2021-10-11 23:31:36,-20.3167,118.5667,71.65,78,2,8.05,clear sky
295,Beira,MZ,2021-10-11 23:33:38,-19.8436,34.8389,71.69,64,20,9.22,few clouds
296,Port Macquarie,AU,2021-10-11 23:31:29,-31.4333,152.9167,60.69,94,75,5.75,broken clouds
297,Sangar,RU,2021-10-11 23:33:38,63.9242,127.4739,26.49,79,100,9.71,overcast clouds
298,Paraiso,CR,2021-10-11 23:33:38,9.8383,-83.8656,65.41,98,98,1.14,overcast clouds
299,Lata,PT,2021-10-11 23:33:00,40.1629,-8.3327,69.82,60,97,5.1,overcast clouds
300,Kodiak,US,2021-10-11 23:31:52,57.79,-152.4072,39.04,93,100,26.46,light rain
301,Barra Patuca,HN,2021-10-11 23:33:39,15.8,-84.2833,82.15,78,68,11.86,broken clouds
302,Clyde River,CA,2021-10-11 23:30:23,70.4692,-68.5914,33.26,82,29,10.85,scattered clouds
303,Awjilah,LY,2021-10-11 23:33:39,29.1081,21.2869,75.9,28,0,2.26,clear sky
304,Guerrero Negro,MX,2021-10-11 23:31:07,27.9769,-114.0611,71.62,64,1,16.04,clear sky
305,Kaura Namoda,NG,2021-10-11 23:33:40,12.5898,6.5779,81.45,25,34,4.63,scattered clouds
306,Acari,PE,2021-10-11 23:33:40,-15.4311,-74.6158,66.87,78,52,4.88,broken clouds
307,Brae,GB,2021-10-11 23:33:40,60.3964,-1.353,44.51,73,80,15.05,broken clouds
308,Linxia,CN,2021-10-11 23:33:41,35.6003,103.2064,49.01,79,17,0.83,few clouds
309,Kaitangata,NZ,2021-10-11 23:30:00,-46.2817,169.8464,45.03,77,97,17.02,overcast clouds
310,Geraldton,AU,2021-10-11 23:30:37,-28.7667,114.6,59.41,51,75,13.8,broken clouds
311,Viedma,AR,2021-10-11 23:33:41,-40.8135,-62.9967,53.69,78,100,8.28,overcast clouds
312,Wewak,PG,2021-10-11 23:33:41,-3.5534,143.6268,84.45,73,54,4.29,broken clouds
313,Turan,VN,2021-10-11 23:33:42,16.0678,108.2208,78.85,100,20,1.14,mist
314,Dunkwa,GH,2021-10-11 23:33:42,5.9656,-1.78,73.36,99,38,2.24,scattered clouds
315,Heyang,CN,2021-10-11 23:33:42,26.1011,107.473,52.65,82,84,8.28,broken clouds
316,Lavrentiya,RU,2021-10-11 23:30:11,65.5833,-171.0,31.32,82,100,9.55,overcast clouds
317,Esso,RU,2021-10-11 23:33:42,55.9333,158.7,35.31,98,100,4.99,light rain
318,Antalaha,MG,2021-10-11 23:33:43,-14.9003,50.2788,68.7,84,19,7.7,few clouds
319,Koudougou,BF,2021-10-11 23:33:43,12.25,-2.3667,81.43,58,71,7.81,broken clouds
320,Touros,BR,2021-10-11 23:27:05,-5.1989,-35.4608,79.7,78,100,14.2,overcast clouds
321,Saldanha,ZA,2021-10-11 23:31:05,-33.0117,17.9442,59.05,85,100,15.32,overcast clouds
322,Pangody,RU,2021-10-11 23:33:43,65.85,74.4859,25.32,82,25,3.83,scattered clouds
323,Brookhaven,US,2021-10-11 23:33:44,31.5791,-90.4407,82.06,81,71,4.36,broken clouds
324,Honiara,SB,2021-10-11 23:30:53,-9.4333,159.95,86.14,67,75,5.06,broken clouds
325,Corn Island,NI,2021-10-11 23:33:44,12.1694,-83.0418,83.62,73,13,7.92,few clouds
326,Thinadhoo,MV,2021-10-11 23:33:44,0.5333,72.9333,82.89,72,99,16.62,overcast clouds
327,Mildura,AU,2021-10-11 23:33:45,-34.2,142.15,66.07,47,25,5.75,scattered clouds
328,Bossangoa,CF,2021-10-11 23:33:45,6.4926,17.4552,69.4,97,85,4.47,light rain
329,Sheridan,US,2021-10-11 23:33:45,44.8333,-106.9173,35.31,87,90,1.01,mist
330,Okhotsk,RU,2021-10-11 23:31:11,59.3833,143.3,28.54,74,5,11.21,clear sky
331,Batagay-Alyta,RU,2021-10-11 23:33:46,67.8006,130.4114,22.64,90,100,1.83,overcast clouds
332,Sao Joao Da Barra,BR,2021-10-11 23:30:53,-21.6403,-41.0511,67.53,86,100,18.5,overcast clouds
333,West Bay,KY,2021-10-11 23:33:46,19.3667,-81.4167,86.07,74,20,1.01,few clouds
334,Puerto Ayacucho,VE,2021-10-11 23:33:46,5.6639,-67.6236,77.92,89,85,2.66,overcast clouds
335,Rumonge,BI,2021-10-11 23:33:47,-3.9736,29.4386,77.31,60,100,6.2,overcast clouds
336,Tawau,MY,2021-10-11 23:33:47,4.2498,117.8871,78.93,100,100,3.36,overcast clouds
337,Kashan,IR,2021-10-11 23:33:47,33.9831,51.4364,59.56,26,1,0.98,clear sky
338,Chokurdakh,RU,2021-10-11 23:30:29,70.6333,147.9167,18.05,87,100,5.64,overcast clouds
339,Camacha,PT,2021-10-11 23:33:48,33.0833,-16.3333,68.76,77,20,5.75,few clouds
340,Jaisalmer,IN,2021-10-11 23:33:48,26.9147,70.9181,81.01,51,0,11.27,clear sky
341,Hami,CN,2021-10-11 23:33:48,42.8,93.45,44.28,49,36,9.64,scattered clouds
342,Strai,NO,2021-10-11 23:33:49,58.2,7.9,44.64,57,5,9.22,clear sky
343,Ko Samui,TH,2021-10-11 23:33:49,9.5357,99.9357,83.01,70,99,19.55,overcast clouds
344,Nantucket,US,2021-10-11 23:33:49,41.2835,-70.0995,62.71,89,1,8.05,clear sky
345,Kijang,KR,2021-10-11 23:33:50,35.2442,129.2139,65.93,83,100,21.27,overcast clouds
346,Labuhan,ID,2021-10-11 23:33:50,-6.8844,112.2051,80.58,66,49,11.97,scattered clouds
347,Kanlagay,PH,2021-10-11 23:33:50,5.8757,121.2915,84.02,80,97,10.54,overcast clouds
348,Vila Velha,BR,2021-10-11 23:30:38,-20.3297,-40.2925,67.95,94,75,13.8,mist
349,Baykit,RU,2021-10-11 23:31:46,61.67,96.37,18.39,90,33,2.44,scattered clouds
350,Qaqortoq,GL,2021-10-11 23:32:48,60.7167,-46.0333,36.1,48,100,3.11,overcast clouds
351,Prince Rupert,CA,2021-10-11 23:33:51,54.3161,-130.3201,48.29,81,1,12.66,light rain
352,Kerouane,GN,2021-10-11 23:33:52,9.2667,-9.0167,71.13,94,100,2.48,light rain
353,Mbinga,TZ,2021-10-11 23:33:52,-10.9333,35.0167,60.6,73,58,3.36,broken clouds
354,Znamenskoye,RU,2021-10-11 23:33:53,57.1281,73.8282,31.41,72,100,8.95,light snow
355,Kang,BW,2021-10-11 23:33:53,-23.6752,22.7876,61.66,42,0,10.71,clear sky
356,Lufilufi,WS,2021-10-11 23:33:53,-13.8745,-171.5986,82.18,72,100,14.88,overcast clouds
357,Jamsa,FI,2021-10-11 23:33:54,61.8642,25.19,45.32,93,95,7.56,overcast clouds
358,Mayo,US,2021-10-11 23:33:54,38.8876,-76.5119,69.04,86,100,7.0,overcast clouds
359,Tolstoy-Yurt,RU,2021-10-11 23:33:55,43.4444,45.7722,44.92,100,2,0.0,mist
360,Silifke,TR,2021-10-11 23:33:55,36.3778,33.9344,73.4,44,0,2.75,clear sky
361,Varna,BG,2021-10-11 23:33:55,43.2167,27.9167,55.54,94,90,4.61,overcast clouds
362,Cobija,BO,2021-10-11 23:33:56,-11.0267,-68.7692,83.21,54,44,2.66,scattered clouds
363,Huautla,MX,2021-10-11 23:33:56,21.0333,-98.2833,78.13,86,23,3.36,few clouds
364,Narsaq,GL,2021-10-11 23:33:27,60.9167,-46.05,35.82,56,100,1.74,overcast clouds
365,Francisco Sa,BR,2021-10-11 23:33:56,-16.4758,-43.4883,71.74,84,74,4.81,broken clouds
366,Severnyy,RU,2021-10-11 23:33:57,50.677,36.5532,41.04,75,0,4.47,clear sky
367,Otofuke,JP,2021-10-11 23:33:57,42.9917,143.2003,50.95,65,25,3.4,scattered clouds
368,Puerto Colombia,CO,2021-10-11 23:33:57,10.9878,-74.9547,80.69,78,58,6.8,broken clouds
369,Alto Araguaia,BR,2021-10-11 23:33:57,-17.3147,-53.2153,70.36,91,72,1.3,broken clouds
370,Gimli,CA,2021-10-11 23:29:43,50.6336,-96.9907,60.82,44,0,8.05,clear sky
371,Golyshmanovo,RU,2021-10-11 23:33:58,56.3979,68.3728,37.92,96,100,15.61,light rain
372,Outlook,CA,2021-10-11 23:33:58,51.5001,-107.0513,46.09,45,88,12.48,overcast clouds
373,Pangnirtung,CA,2021-10-11 23:30:26,66.1451,-65.7125,36.59,74,100,2.64,overcast clouds
374,Krasnoyarsk,RU,2021-10-11 23:33:58,56.0097,92.7917,21.6,77,100,3.65,overcast clouds
375,Ofunato,JP,2021-10-11 23:33:59,39.0717,141.7167,58.15,86,100,8.5,moderate rain
376,Yulara,AU,2021-10-11 23:30:41,-25.2406,130.9889,60.64,67,0,9.22,clear sky
377,Kampot,KH,2021-10-11 23:33:59,10.6167,104.1833,78.85,89,100,8.08,overcast clouds
378,Upernavik,GL,2021-10-11 23:30:20,72.7868,-56.1549,33.49,98,100,15.12,snow
379,Zhuhai,CN,2021-10-11 23:34:00,22.2769,113.5678,77.97,68,20,25.32,few clouds
380,Port Blair,IN,2021-10-11 23:30:33,11.6667,92.75,78.84,89,40,2.3,mist
381,Tat,HU,2021-10-11 23:34:00,47.7415,18.6481,50.11,60,96,8.1,overcast clouds
382,Buchanan,LR,2021-10-11 23:34:00,5.8808,-10.0467,76.96,91,98,5.75,moderate rain
383,Bonthe,SL,2021-10-11 23:33:28,7.5264,-12.505,77.25,90,100,4.88,moderate rain
384,Plunge,LT,2021-10-11 23:34:01,55.9114,21.8442,45.05,89,82,9.95,light rain
385,Sorong,ID,2021-10-11 23:34:01,-0.8833,131.25,82.76,77,88,2.28,overcast clouds
386,Mandalgovi,MN,2021-10-11 23:34:02,45.7625,106.2708,36.99,32,61,8.84,broken clouds
387,Lazaro Cardenas,MX,2021-10-11 23:33:53,17.9583,-102.2,82.18,80,41,4.07,scattered clouds
388,Zhezkazgan,KZ,2021-10-11 23:31:19,47.8043,67.7144,33.22,53,0,5.14,clear sky
389,Moerai,PF,2021-10-11 23:34:02,-22.4333,-151.3333,75.51,78,67,15.9,light rain
390,Minsk,BY,2021-10-11 23:31:37,53.9,27.5667,40.75,67,100,5.79,light rain
391,Bilma,NE,2021-10-11 23:31:19,18.6853,12.9164,81.16,10,4,8.63,clear sky
392,Linping,CN,2021-10-11 23:34:03,30.4225,120.2972,72.95,78,100,10.31,overcast clouds
393,Gewane,ET,2021-10-11 23:34:04,10.1664,40.6453,80.62,58,51,2.89,broken clouds
394,Mugur-Aksy,RU,2021-10-11 23:34:04,50.35,90.5,13.73,89,100,6.69,overcast clouds
395,Vila Franca Do Campo,PT,2021-10-11 23:34:05,37.7167,-25.4333,70.21,90,100,9.71,overcast clouds
396,Lalibela,ET,2021-10-11 23:34:05,12.0333,39.0333,56.57,76,74,5.53,broken clouds
397,Gasa,PS,2021-10-11 23:34:05,31.5,34.4667,73.9,72,79,7.81,broken clouds
398,Fare,PF,2021-10-11 23:34:05,-16.7,-151.0167,79.99,77,22,14.61,light rain
399,Weiden,DE,2021-10-11 23:34:06,49.6775,12.1567,46.85,87,90,3.44,overcast clouds
400,Ararangua,BR,2021-10-11 23:34:06,-28.9347,-49.4858,65.86,93,96,10.0,overcast clouds
401,College,US,2021-10-11 23:26:55,64.8569,-147.8028,44.55,64,75,11.5,broken clouds
402,Ossora,RU,2021-10-11 23:34:06,59.2353,163.0719,35.4,82,100,7.07,light rain
403,North Bend,US,2021-10-11 23:34:07,43.4065,-124.2243,59.23,82,1,12.66,clear sky
404,Shakawe,BW,2021-10-11 23:34:07,-18.3667,21.85,69.37,49,0,6.2,clear sky
405,Orlik,RU,2021-10-11 23:34:07,52.5178,99.825,32.65,86,100,0.31,overcast clouds
406,Amaigbo,NG,2021-10-11 23:34:08,5.7892,7.8383,74.59,93,88,3.96,overcast clouds
407,Noumea,NC,2021-10-11 23:30:10,-22.2763,166.4572,84.18,97,84,9.08,broken clouds
408,Ayan,RU,2021-10-11 23:34:08,56.45,138.1667,44.65,51,55,13.96,broken clouds
409,Tubuala,PA,2021-10-11 23:34:08,9.5167,-79.0333,84.33,81,100,5.03,overcast clouds
410,Sungaipenuh,ID,2021-10-11 23:34:09,-2.0833,101.3833,66.02,78,91,1.12,overcast clouds
411,Springdale,US,2021-10-11 23:34:09,36.1867,-94.1288,71.33,59,1,12.66,clear sky
412,Saint-Georges,GD,2021-10-11 23:34:09,12.0564,-61.7485,82.08,83,20,8.05,few clouds
413,Kysyl-Syr,RU,2021-10-11 23:34:09,63.8986,122.7617,22.96,62,99,12.59,overcast clouds
414,Wiwili,NI,2021-10-11 23:34:10,13.6268,-85.8254,88.54,76,51,4.27,broken clouds
415,Esmeraldas,BR,2021-10-11 23:34:10,-19.7625,-44.3139,64.71,93,99,9.44,overcast clouds
416,Nago,JP,2021-10-11 23:34:10,26.5881,127.9761,79.23,89,100,15.99,light rain
417,Yarada,IN,2021-10-11 23:34:11,17.65,83.2667,80.92,94,75,4.61,mist
418,Quelimane,MZ,2021-10-11 23:34:11,-17.8786,36.8883,71.55,68,0,6.91,clear sky
419,Sirjan,IR,2021-10-11 23:34:11,29.452,55.6814,55.29,17,0,1.88,clear sky
420,Bandarbeyla,SO,2021-10-11 23:31:55,9.4942,50.8122,78.28,86,86,19.28,overcast clouds
421,Simao,CN,2021-10-11 23:34:11,22.7886,100.9748,61.72,99,100,2.04,overcast clouds
422,Namikupa,TZ,2021-10-11 23:34:12,-10.8333,39.6,67.78,96,69,2.51,broken clouds
423,Bambanglipuro,ID,2021-10-11 23:33:29,-7.95,110.2833,78.89,70,95,4.72,overcast clouds
424,Lensk,RU,2021-10-11 23:34:12,60.7253,114.9278,22.12,79,15,12.19,few clouds
425,Tevriz,RU,2021-10-11 23:34:12,57.509,72.4042,30.13,96,100,9.1,snow
426,Brasileia,BR,2021-10-11 23:34:13,-11.0161,-68.7481,83.46,54,40,2.62,scattered clouds
427,Spassk-Dalniy,RU,2021-10-11 23:34:13,44.5978,132.8211,51.93,62,0,0.87,clear sky
428,Baie-Comeau,CA,2021-10-11 23:34:13,49.2168,-68.1489,57.2,93,1,5.75,clear sky
429,Bonfim,BR,2021-10-11 23:34:14,3.0833,-59.95,81.34,71,96,2.89,overcast clouds
430,Pokosnoye,RU,2021-10-11 23:34:14,55.5258,101.0536,29.05,90,100,6.87,overcast clouds
431,Ballina,AU,2021-10-11 23:34:14,-28.8667,153.5667,60.98,94,75,11.5,light rain
432,Roma,US,2021-10-11 23:34:14,43.2128,-75.4557,67.87,78,1,5.75,clear sky
433,Gribanovskiy,RU,2021-10-11 23:34:15,51.4579,41.9764,44.73,53,97,6.78,overcast clouds
434,Iwanai,JP,2021-10-11 23:34:15,42.9744,140.5089,59.77,56,1,2.06,clear sky
435,Balabac,PH,2021-10-11 23:34:15,7.9868,117.0645,83.19,76,100,20.94,moderate rain
436,Semey,KZ,2021-10-11 23:34:16,50.4111,80.2275,36.81,85,100,13.65,overcast clouds
437,Taltal,CL,2021-10-11 23:30:20,-25.4,-70.4833,61.36,74,39,3.56,scattered clouds
438,Tessalit,ML,2021-10-11 23:34:16,20.1986,1.0114,84.16,11,13,8.99,few clouds
439,Los Llanos De Aridane,ES,2021-10-11 23:34:16,28.6585,-17.9182,67.75,82,75,5.75,broken clouds
440,Iguape,BR,2021-10-11 23:34:17,-24.7081,-47.5553,68.31,92,100,16.31,overcast clouds
441,Akhmim,EG,2021-10-11 23:34:17,26.5622,31.745,81.9,27,1,7.45,clear sky
442,Kualakapuas,ID,2021-10-11 23:34:17,-3.0091,114.3876,75.36,85,97,3.44,overcast clouds
443,Egvekinot,RU,2021-10-11 23:34:18,66.3167,-179.1667,19.22,85,58,4.68,broken clouds
444,Chara,RU,2021-10-11 23:34:18,56.9064,118.2631,32.16,86,100,4.41,light snow
445,Cabedelo,BR,2021-10-11 23:34:18,-6.9811,-34.8339,79.47,79,76,12.21,broken clouds
446,Fallon,US,2021-10-11 23:34:18,39.4735,-118.7774,43.45,58,90,12.66,overcast clouds
447,Kagalnitskaya,RU,2021-10-11 23:34:19,46.8806,40.1466,51.53,76,60,9.82,broken clouds
448,Maldonado,UY,2021-10-11 23:34:19,-34.6667,-54.9167,60.19,98,100,10.2,overcast clouds
449,Guantanamo,CU,2021-10-11 23:34:19,20.1444,-75.2092,84.27,83,66,1.12,broken clouds
450,Hualmay,PE,2021-10-11 23:34:20,-11.0964,-77.6139,63.27,85,69,12.03,broken clouds
451,Sibolga,ID,2021-10-11 23:34:20,1.7427,98.7792,76.53,82,99,2.62,overcast clouds
452,Dauriya,RU,2021-10-11 23:34:20,49.9333,116.8667,38.95,66,8,5.75,clear sky
453,Kindu,CD,2021-10-11 23:34:21,-2.95,25.95,69.64,99,98,2.84,overcast clouds
454,Kununurra,AU,2021-10-11 23:31:06,-15.7667,128.7333,84.18,74,78,3.44,broken clouds
455,Biltine,TD,2021-10-11 23:34:21,14.5333,20.9167,86.29,16,39,8.01,scattered clouds
456,Finschhafen,PG,2021-10-11 23:34:21,-6.6024,147.8681,83.82,70,59,2.95,broken clouds
457,Codrington,AU,2021-10-11 23:30:22,-38.2667,141.9667,54.97,61,28,11.65,scattered clouds
458,Husavik,IS,2021-10-11 23:34:22,66.0449,-17.3389,28.31,72,69,8.14,broken clouds
459,Lasa,IT,2021-10-11 23:34:22,46.6166,10.7002,47.28,63,99,6.06,overcast clouds
460,Benton Harbor,US,2021-10-11 23:34:22,42.1167,-86.4542,76.01,84,95,1.99,haze
461,Lodeynoye Pole,RU,2021-10-11 23:34:23,60.726,33.5531,38.88,80,80,8.77,broken clouds
462,Barinas,VE,2021-10-11 23:34:23,8.6226,-70.2075,76.55,89,100,3.36,heavy intensity rain
463,La Grande,US,2021-10-11 23:34:23,45.3246,-118.0877,52.68,41,15,13.51,few clouds
464,Cajamarca,PE,2021-10-11 23:34:24,-7.1638,-78.5003,60.87,72,75,9.22,light rain
465,Puerto Palomas,MX,2021-10-11 23:34:24,31.7667,-107.6167,81.73,26,47,24.34,scattered clouds
466,Umm Kaddadah,SD,2021-10-11 23:30:25,13.6017,26.6876,88.47,40,76,9.19,broken clouds
467,Ostrovnoy,RU,2021-10-11 23:30:15,68.0531,39.5131,47.79,82,100,20.13,overcast clouds
468,Korem,ET,2021-10-11 23:34:24,12.5058,39.5228,54.59,82,56,2.06,broken clouds
469,Ewa Beach,US,2021-10-11 23:34:25,21.3156,-158.0072,89.55,47,40,14.97,scattered clouds
470,Otradnoye,RU,2021-10-11 23:34:25,59.7775,30.8181,43.03,71,72,8.59,light rain
471,Salym,RU,2021-10-11 23:34:25,60.0625,71.4789,29.19,95,100,7.61,light snow
472,Kingston,JM,2021-10-11 23:34:03,17.997,-76.7936,83.35,82,40,5.75,scattered clouds
473,Qui Nhon,VN,2021-10-11 23:34:26,13.7667,109.2333,78.71,85,97,4.23,moderate rain
474,Harper,LR,2021-10-11 23:34:26,4.375,-7.7169,77.83,86,96,6.35,overcast clouds
475,Nargana,PA,2021-10-11 23:34:26,9.4428,-78.5906,81.59,82,100,5.14,overcast clouds
476,Umm Lajj,SA,2021-10-11 23:34:26,25.0213,37.2685,87.44,39,0,3.4,clear sky
477,Ust-Nera,RU,2021-10-11 23:34:27,64.5667,143.2,24.84,90,100,7.4,light snow
478,Banda Aceh,ID,2021-10-11 23:34:27,5.5577,95.3222,79.56,77,99,15.05,overcast clouds
479,Rorvik,NO,2021-10-11 23:34:27,64.8621,11.2373,48.11,79,87,28.57,moderate rain
480,Nhulunbuy,AU,2021-10-11 23:34:28,-12.2333,136.7667,83.01,69,40,8.05,scattered clouds
481,Nadvoitsy,RU,2021-10-11 23:34:28,63.8667,34.3167,44.91,71,100,11.63,overcast clouds
482,Manado,ID,2021-10-11 23:34:28,1.487,124.8455,81.37,89,20,1.14,few clouds
483,Baoning,CN,2021-10-11 23:34:28,25.3378,110.026,58.86,77,75,8.95,broken clouds
484,Quesnel,CA,2021-10-11 23:34:29,52.9999,-122.5029,46.9,57,90,3.44,overcast clouds
485,Boyolangu,ID,2021-10-11 23:34:29,-8.1181,111.8935,78.28,72,82,6.08,broken clouds
486,Chernyshevskiy,RU,2021-10-11 23:31:16,63.0128,112.4714,20.57,74,95,14.38,overcast clouds
487,Morant Bay,JM,2021-10-11 23:32:22,17.8815,-76.4093,83.82,82,51,6.71,broken clouds
488,Leshan,CN,2021-10-11 23:30:39,29.5623,103.7639,58.46,88,100,1.03,overcast clouds
489,Lubango,AO,2021-10-11 23:34:30,-14.9172,13.4925,62.71,55,1,3.51,clear sky
490,Yeppoon,AU,2021-10-11 23:34:30,-23.1333,150.7333,78.58,55,84,4.72,broken clouds
491,Yanam,IN,2021-10-11 23:34:30,16.7333,82.2167,75.78,88,63,2.37,broken clouds
492,Madang,PG,2021-10-11 23:34:31,-5.2246,145.7966,85.37,67,38,1.34,scattered clouds
493,Vanavara,RU,2021-10-11 23:34:31,60.34,102.2797,18.81,81,1,4.76,clear sky
494,Mount Isa,AU,2021-10-11 23:34:31,-20.7333,139.5,71.37,73,40,3.44,scattered clouds
495,Druzhba,UA,2021-10-11 23:34:32,52.0428,33.9453,41.68,65,93,6.8,overcast clouds
496,Wasilla,US,2021-10-11 23:34:32,61.5814,-149.4394,45.95,58,20,5.01,few clouds
497,Bluefields,NI,2021-10-11 23:34:32,12.0137,-83.7635,82.47,83,20,4.61,few clouds
498,Yangjiang,CN,2021-10-11 23:34:33,21.85,111.9667,66.97,81,98,13.13,overcast clouds
499,Nevelsk,RU,2021-10-11 23:34:33,46.6733,141.8633,41.43,58,3,8.23,clear sky
500,Waling,NP,2021-10-11 23:34:33,27.9833,83.7667,65.03,68,1,4.68,clear sky
501,Borgarnes,IS,2021-10-11 23:34:33,64.5383,-21.9206,45.16,87,82,4.81,broken clouds
502,Mujiayingzi,CN,2021-10-11 23:34:34,42.1167,118.7833,47.1,41,0,3.15,clear sky
503,Sosnovo-Ozerskoye,RU,2021-10-11 23:34:34,52.5249,111.5418,35.85,67,96,2.37,overcast clouds
504,Tahoua,NE,2021-10-11 23:34:34,14.8888,5.2692,87.4,23,41,4.56,scattered clouds
505,Cockburn Town,TC,2021-10-11 23:30:20,21.4612,-71.1419,82.36,83,40,9.22,scattered clouds
506,Kuli,RU,2021-10-11 23:34:35,42.0185,47.2434,37.74,53,0,7.31,clear sky
507,Hastings,GB,2021-10-11 23:34:35,50.8552,0.5729,53.01,85,55,9.26,broken clouds
508,Hohhot,CN,2021-10-11 23:34:35,40.8106,111.6522,32.29,55,0,4.47,clear sky
509,Donskoy,RU,2021-10-11 23:33:24,53.9711,38.3363,40.64,68,87,6.08,overcast clouds
510,Isangel,VU,2021-10-11 23:30:34,-19.55,169.2667,82.51,61,20,11.5,few clouds
511,Arlit,NE,2021-10-11 23:34:36,18.7369,7.3853,85.23,10,37,10.0,scattered clouds
512,Trairi,BR,2021-10-11 23:31:03,-3.2778,-39.2689,78.96,76,26,10.2,scattered clouds
513,Puksoozero,RU,2021-10-11 23:34:36,62.5903,40.6066,38.17,88,93,7.58,overcast clouds
514,Gazanjyk,TM,2021-10-11 23:34:37,39.2446,55.5154,51.57,24,0,11.92,clear sky
515,Nalut,LY,2021-10-11 23:34:37,30.3333,10.85,65.5,50,84,11.9,broken clouds
516,Taksimo,RU,2021-10-11 23:34:37,56.3444,114.8794,33.78,88,100,2.66,light rain
517,Miraflores,MX,2021-10-11 23:33:52,19.2167,-98.8083,80.02,79,33,4.88,scattered clouds
518,Talcahuano,CL,2021-10-11 23:34:37,-36.7167,-73.1167,58.68,72,0,5.75,clear sky
519,Nanortalik,GL,2021-10-11 23:32:11,60.1432,-45.2371,39.96,53,100,2.66,overcast clouds
520,Jijiga,ET,2021-10-11 23:34:38,9.35,42.8,63.05,82,83,1.12,broken clouds
521,San Juan,AR,2021-10-11 23:30:40,-31.5375,-68.5364,76.21,25,13,2.8,few clouds
522,Muhororo,UG,2021-10-11 23:34:38,0.9381,30.7594,62.49,99,100,1.03,overcast clouds
523,Key Biscayne,US,2021-10-11 23:34:39,25.6937,-80.1628,82.02,77,40,1.01,scattered clouds
524,Kenai,US,2021-10-11 23:34:39,60.5544,-151.2583,45.03,77,90,21.85,overcast clouds
525,Vila Do Maio,CV,2021-10-11 23:34:39,15.1333,-23.2167,77.79,78,20,13.38,few clouds
526,Jining,CN,2021-10-11 23:34:40,35.405,116.5814,57.0,63,98,5.46,overcast clouds
527,Syracuse,IT,2021-10-11 23:34:40,37.0881,15.2792,62.89,62,14,16.73,few clouds
528,Asau,RO,2021-10-11 23:34:40,46.4333,26.4,47.75,87,100,3.11,light rain
529,Kapit,MY,2021-10-11 23:34:41,2.0167,112.9333,76.46,96,100,1.57,overcast clouds
530,Nizhnyaya Tura,RU,2021-10-11 23:34:41,58.6293,59.8118,45.05,91,100,7.83,overcast clouds
531,Buraydah,SA,2021-10-11 23:30:43,26.326,43.975,75.65,18,0,4.63,clear sky
532,Chuy,UY,2021-10-11 23:30:32,-33.6971,-53.4616,60.22,96,100,13.02,light rain
533,Baoro,CF,2021-10-11 23:34:41,5.6667,15.9667,66.52,93,94,1.48,overcast clouds
534,Belyy Yar,RU,2021-10-11 23:34:42,53.6039,91.3903,33.69,93,75,6.71,shower sleet
535,Dalby,AU,2021-10-11 23:34:42,-27.1833,151.2667,69.98,71,100,1.99,light rain
536,Clonakilty,IE,2021-10-11 23:34:42,51.6231,-8.8706,51.01,84,37,3.29,scattered clouds
537,Sola,VU,2021-10-11 23:34:43,-13.8833,167.55,80.62,76,20,17.43,few clouds
538,Sao Francisco De Assis,BR,2021-10-11 23:34:43,-29.5503,-55.1311,61.48,94,64,5.21,light rain
539,Tual,ID,2021-10-11 23:34:43,-5.6667,132.75,83.07,76,93,8.68,overcast clouds
540,Hirara,JP,2021-10-11 23:31:00,24.8,125.2833,82.26,94,75,19.57,broken clouds
541,Magistralnyy,RU,2021-10-11 23:34:44,56.1725,107.4458,29.08,86,100,6.6,overcast clouds
542,Svetlyy,RU,2021-10-11 23:34:44,54.675,20.1347,46.45,90,22,13.51,few clouds
543,Krasnoselkup,RU,2021-10-11 23:34:44,65.7,82.4667,26.94,72,100,5.53,overcast clouds
544,Yelan,RU,2021-10-11 23:34:44,50.949,43.7378,46.06,50,99,6.67,overcast clouds
545,Brownsville,US,2021-10-11 23:34:12,25.9018,-97.4975,88.09,71,1,7.0,clear sky
546,Margate,GB,2021-10-11 23:30:53,51.3813,1.3862,52.03,84,84,1.01,broken clouds
547,Thongwa,MM,2021-10-11 23:34:45,16.7619,96.5278,78.96,96,100,6.78,overcast clouds
548,Qiongshan,CN,2021-10-11 23:34:45,20.0058,110.3542,71.58,83,40,11.18,light rain
549,Pedernales,DO,2021-10-11 23:34:45,18.0384,-71.744,80.46,80,51,1.86,broken clouds
550,Paamiut,GL,2021-10-11 23:31:03,61.994,-49.6678,36.72,87,58,0.85,broken clouds
551,Mnogovershinnyy,RU,2021-10-11 23:34:46,53.9353,139.9242,40.35,62,1,9.98,clear sky
552,Bushehr,IR,2021-10-11 23:34:46,28.9684,50.8385,82.56,44,0,4.72,clear sky
553,Luancheng,CN,2021-10-11 23:34:46,37.8792,114.6517,44.76,63,3,1.14,clear sky
554,Te Anau,NZ,2021-10-11 23:30:51,-45.4167,167.7167,40.48,91,86,6.71,overcast clouds
555,Marana,US,2021-10-11 23:32:35,32.4367,-111.2254,85.01,14,1,20.71,clear sky
556,Novyy Urengoy,RU,2021-10-11 23:34:47,66.0833,76.6333,27.21,86,92,1.5,overcast clouds
557,Saint-Leu,RE,2021-10-11 23:34:47,-21.15,55.2833,70.68,90,46,11.14,light rain
558,Zandvoort,NL,2021-10-11 23:34:47,52.3749,4.5341,55.94,80,40,5.75,scattered clouds
559,Ngama,TD,2021-10-11 23:34:48,11.7833,17.1667,83.95,21,32,3.94,scattered clouds
560,Ivdel,RU,2021-10-11 23:34:48,60.6911,60.4206,36.81,99,100,2.73,overcast clouds
561,Pontianak,ID,2021-10-11 23:34:48,-0.0333,109.3333,76.98,94,20,3.44,few clouds
562,Cedar City,US,2021-10-11 23:33:57,37.6775,-113.0619,56.37,23,1,27.63,clear sky
563,Puerto Baquerizo Moreno,EC,2021-10-11 23:34:49,-0.9,-89.6,68.99,82,40,12.64,scattered clouds
564,Gaomi,CN,2021-10-11 23:34:49,36.3833,119.7528,53.38,62,86,5.1,light rain
565,Avera,US,2021-10-11 23:30:36,33.194,-82.5271,73.74,69,100,4.09,overcast clouds
566,Pierre,US,2021-10-11 23:34:49,44.3683,-100.351,65.32,57,1,1.99,clear sky
567,Port Keats,AU,2021-10-11 23:34:50,-14.25,129.55,86.74,62,82,7.99,broken clouds
568,Faya,SA,2021-10-11 23:34:50,18.3851,42.4509,61.32,25,97,7.16,overcast clouds
569,San Carlos De Bariloche,AR,2021-10-11 23:30:25,-41.1456,-71.3082,58.75,31,0,5.75,clear sky
570,Plettenberg Bay,ZA,2021-10-11 23:34:50,-34.0527,23.3716,62.17,51,76,6.04,broken clouds
571,Aljezur,PT,2021-10-11 23:34:51,37.3191,-8.8033,65.35,77,1,3.47,clear sky
572,Tyrma,RU,2021-10-11 23:34:51,50.0833,132.1667,42.57,69,4,1.72,clear sky
573,Sibiti,CG,2021-10-11 23:34:51,-3.6819,13.3499,69.91,96,100,2.46,overcast clouds
574,Hambantota,LK,2021-10-11 23:34:51,6.1241,81.1185,79.97,80,93,17.0,overcast clouds
575,Whitehorse,CA,2021-10-11 23:34:52,60.7161,-135.0538,42.03,56,90,15.01,overcast clouds
576,Vostok,RU,2021-10-11 23:34:52,46.4856,135.8833,45.95,53,0,1.14,clear sky
577,Wajima,JP,2021-10-11 23:34:52,37.4,136.9,61.48,94,75,6.91,shower rain
578,Batagay,RU,2021-10-11 23:34:52,67.6333,134.6333,30.88,93,100,4.7,light snow
579,Sicamous,CA,2021-10-11 23:34:53,50.8331,-118.9856,52.77,47,34,0.83,scattered clouds
580,Atbasar,KZ,2021-10-11 23:34:53,51.8,68.3333,31.55,58,52,7.96,broken clouds
581,Eureka,US,2021-10-11 23:34:53,40.8021,-124.1637,59.67,69,2,10.0,clear sky
582,Olafsvik,IS,2021-10-11 23:32:09,64.8945,-23.7142,42.13,85,98,8.21,overcast clouds
583,Obo,CF,2021-10-11 23:34:54,5.3998,26.4869,69.4,98,100,2.73,overcast clouds
584,Saint-Marc,HT,2021-10-11 23:34:54,19.1082,-72.6938,81.28,75,21,3.62,few clouds
585,Uyuni,BO,2021-10-11 23:34:54,-20.4597,-66.825,54.5,6,0,9.8,clear sky
586,Sao Felix Do Xingu,BR,2021-10-11 23:30:43,-6.6447,-51.995,79.09,74,98,1.61,light rain
587,Shingu,JP,2021-10-11 23:34:55,33.7333,135.9833,77.99,73,87,2.57,overcast clouds
588,Trofors,NO,2021-10-11 23:34:55,65.5333,13.4063,45.75,97,100,3.2,overcast clouds
589,Barabai,ID,2021-10-11 23:34:55,-2.5833,115.3833,76.98,93,100,0.96,overcast clouds
590,Sarangani,PH,2021-10-11 23:34:56,5.4033,125.4636,83.75,75,97,10.29,overcast clouds
591,Sembe,CG,2021-10-11 23:34:56,1.6481,14.5806,71.44,95,99,0.96,overcast clouds
592,Key West,US,2021-10-11 23:34:56,24.5557,-81.7826,82.4,69,1,5.75,clear sky
593,Ferrara,IT,2021-10-11 23:34:57,44.8,11.8333,52.21,80,62,4.41,broken clouds
594,Billings,US,2021-10-11 23:34:57,45.7833,-108.5007,36.28,87,90,12.66,snow
595,Bakchar,RU,2021-10-11 23:34:57,57.0186,82.0711,24.46,70,9,2.08,clear sky
596,Palencia,ES,2021-10-11 23:34:58,42.4167,-4.5,49.8,52,41,8.37,scattered clouds
597,Inhambane,MZ,2021-10-11 23:34:58,-23.865,35.3833,66.22,64,70,5.14,broken clouds
598,Lilongwe,MW,2021-10-11 23:34:58,-13.9669,33.7873,63.07,76,50,9.28,scattered clouds
599,Shelburne,CA,2021-10-11 23:34:59,44.0787,-80.2041,68.79,78,100,9.91,overcast clouds
600,Samarai,PG,2021-10-11 23:34:59,-10.6167,150.6667,81.37,76,79,4.21,broken clouds
601,Casablanca,MA,2021-10-11 23:31:48,33.5928,-7.6192,69.82,100,51,15.99,broken clouds
602,Forest Grove,US,2021-10-11 23:34:59,45.5198,-123.1107,60.19,53,1,4.0,clear sky
603,Aranos,NA,2021-10-11 23:35:00,-24.1333,19.1167,65.64,36,0,14.76,clear sky
604,Igarka,RU,2021-10-11 23:35:00,67.4667,86.5833,25.5,84,100,6.62,overcast clouds
605,Oakdale,US,2021-10-11 23:32:44,44.963,-92.9649,67.26,62,1,0.0,clear sky
606,Almeirim,BR,2021-10-11 23:35:00,-1.5233,-52.5817,84.96,51,75,5.59,broken clouds
607,Mao,ES,2021-10-11 23:35:01,39.8885,4.2658,57.76,62,0,4.61,clear sky
608,Mana,GF,2021-10-11 23:35:01,5.6592,-53.7767,79.14,90,47,10.85,scattered clouds
609,Mastung,PK,2021-10-11 23:35:02,29.7994,66.845,47.25,18,0,2.21,clear sky
610,Kathu,TH,2021-10-11 23:35:02,7.9178,98.3332,85.69,82,95,20.29,overcast clouds
611,Meghri,AM,2021-10-11 23:35:04,38.9029,46.2446,52.47,78,18,3.69,few clouds
612,Chumikan,RU,2021-10-11 23:35:04,54.7183,135.315,44.04,54,54,25.93,broken clouds
613,Bilibino,RU,2021-10-11 23:35:05,68.0546,166.4372,4.06,92,28,2.46,scattered clouds
614,Menongue,AO,2021-10-11 23:35:05,-14.6585,17.691,66.49,33,30,3.83,scattered clouds
615,Nouakchott,MR,2021-10-11 23:35:06,18.0858,-15.9785,75.13,72,82,16.13,broken clouds
616,Chapais,CA,2021-10-11 23:35:06,49.7834,-74.8492,60.58,91,100,10.8,overcast clouds
617,Henties Bay,NA,2021-10-11 23:35:06,-22.116,14.2845,57.85,85,0,11.77,clear sky
618,Saint Anthony,US,2021-10-11 23:30:50,45.0205,-93.218,67.82,58,1,1.99,clear sky
619,Stykkisholmur,IS,2021-10-11 23:35:07,65.0757,-22.7297,40.05,78,90,3.69,overcast clouds
620,Miranda,CO,2021-10-11 23:35:07,3.2499,-76.2281,73.53,83,93,4.63,overcast clouds
621,Tukrah,LY,2021-10-11 23:35:07,32.5341,20.5791,72.52,70,35,11.83,scattered clouds
622,Nichinan,JP,2021-10-11 23:33:18,31.6,131.3667,76.68,79,81,7.31,broken clouds
623,Arman,RU,2021-10-11 23:35:08,59.7,150.1667,33.33,55,100,3.98,overcast clouds
624,Sioux Lookout,CA,2021-10-11 23:35:08,50.1001,-91.917,57.58,100,90,5.75,mist
625,Nampula,MZ,2021-10-11 23:35:08,-15.1165,39.2666,67.95,94,75,10.36,light rain
626,Roald,NO,2021-10-11 23:35:08,62.5833,6.1333,44.17,93,75,5.75,light intensity drizzle
627,Nuzvid,IN,2021-10-11 23:35:09,16.7833,80.85,74.35,83,27,3.69,scattered clouds
628,Mizque,BO,2021-10-11 23:35:09,-17.941,-65.3402,64.8,81,94,4.97,overcast clouds
629,Najran,SA,2021-10-11 23:35:09,17.4924,44.1277,70.45,29,37,3.67,scattered clouds
630,Yerofey Pavlovich,RU,2021-10-11 23:35:10,53.9667,121.9667,37.69,74,100,2.39,overcast clouds
631,Washington,US,2021-10-11 23:34:00,47.5001,-120.5015,58.89,30,0,5.84,clear sky
632,Bani,DO,2021-10-11 23:35:10,18.2833,-70.3333,80.85,86,67,7.25,broken clouds
633,Puerto Cabezas,NI,2021-10-11 23:35:10,14.0351,-83.3888,85.96,74,40,4.61,scattered clouds
634,Rawson,AR,2021-10-11 23:35:11,-43.3002,-65.1023,58.05,56,97,10.33,overcast clouds
635,Korla,CN,2021-10-11 23:35:11,41.7597,86.1469,48.07,37,99,5.61,overcast clouds
636,Bo Rai,TH,2021-10-11 23:35:11,12.5728,102.5371,82.85,98,100,2.8,light rain
637,Huntington,US,2021-10-11 23:32:03,38.4193,-82.4452,74.32,88,100,3.18,overcast clouds
638,Dunedin,NZ,2021-10-11 23:30:15,-45.8742,170.5036,46.8,62,100,21.99,overcast clouds
639,Hovd,MN,2021-10-11 23:35:12,48.0056,91.6419,32.76,45,32,9.44,scattered clouds
640,Tautira,PF,2021-10-11 23:30:54,-17.7333,-149.15,86.02,80,39,15.48,scattered clouds
641,Moen,NO,2021-10-11 23:35:12,69.1304,18.6123,42.87,87,75,6.91,broken clouds
642,Broken Hill,AU,2021-10-11 23:35:12,-31.95,141.4333,56.91,33,27,9.22,scattered clouds
643,Savonlinna,FI,2021-10-11 23:35:13,61.8699,28.88,45.25,81,0,12.66,clear sky
644,Kirovsk,UA,2021-10-11 23:35:13,48.6375,38.6428,50.52,61,100,8.66,overcast clouds
645,Manacapuru,BR,2021-10-11 23:35:13,-3.2997,-60.6206,81.18,63,49,4.21,light rain
646,Wagar,SD,2021-10-11 23:35:14,16.1525,36.2032,88.25,46,97,7.29,overcast clouds
647,De-Kastri,RU,2021-10-11 23:35:14,51.4667,140.7833,46.4,61,6,8.88,clear sky
648,Sinnamary,GF,2021-10-11 23:35:14,5.3833,-52.95,80.4,82,37,10.98,scattered clouds
